{
  "IcoMoonType": "selection",
  "icons": [
    {
      "icon": {
        "paths": [],
        "attrs": [],
        "width": 0,
        "isMulticolor": false,
        "isMulticolor2": false,
        "grid": 0,
        "tags": [
          "sprite"
        ]
      },
      "attrs": [],
      "properties": {
        "order": 31,
        "id": 0,
        "name": "sprite",
        "prevSize": 32
      },
      "setIdx": 0,
      "setId": 9,
      "iconIdx": 0
    },
    {
      "icon": {
        "paths": [
          "M136.533 0h819.2c75.405 0 136.533 61.128 136.533 136.533v750.933c0 75.405-61.128 136.533-136.533 136.533h-819.2c-75.405 0-136.533-61.128-136.533-136.533v-750.933c0-75.405 61.128-136.533 136.533-136.533z",
          "M270.131 529.203l-4.71-4.506-4.71 4.437-65.809 62.396 5.188 4.983 243.371 232.107 4.71-4.506 517.461-493.636-5.188-4.915-64.922-61.918-4.71 4.506-447.351 426.394-173.329-165.342z"
        ],
        "attrs": [
          {
            "fill": "rgb(33, 150, 243)"
          },
          {
            "fill": "rgb(255, 255, 255)",
            "stroke": "rgb(255, 255, 255)",
            "strokeLinejoin": "miter",
            "strokeLinecap": "butt",
            "strokeMiterlimit": "4",
            "strokeWidth": 13.653333333333334
          }
        ],
        "width": 1092,
        "isMulticolor": true,
        "isMulticolor2": true,
        "grid": 0,
        "tags": [
          "icon check"
        ],
        "colorPermutations": {
          "2552552551331502431": [
            {
              "f": 0
            },
            {
              "f": 1,
              "s": 1
            }
          ]
        }
      },
      "attrs": [
        {
          "fill": "rgb(33, 150, 243)"
        },
        {
          "fill": "rgb(255, 255, 255)",
          "stroke": "rgb(255, 255, 255)",
          "strokeLinejoin": "miter",
          "strokeLinecap": "butt",
          "strokeMiterlimit": "4",
          "strokeWidth": 13.653333333333334
        }
      ],
      "properties": {
        "order": 27,
        "id": 0,
        "name": "icon-check",
        "prevSize": 32
      },
      "setIdx": 1,
      "setId": 8,
      "iconIdx": 0
    },
    {
      "icon": {
        "paths": [
          "M512 512c94.257 0 170.667-76.41 170.667-170.667s-76.41-170.667-170.667-170.667v0c-94.257 0-170.667 76.41-170.667 170.667s76.41 170.667 170.667 170.667v0zM512 597.333c-113.948 0-341.333 57.173-341.333 170.667v42.667c0 23.438 19.172 42.667 42.667 42.667h597.333c23.438 0 42.667-19.228 42.667-42.667v-42.667c0-113.493-227.442-170.667-341.333-170.667z"
        ],
        "attrs": [
          {}
        ],
        "isMulticolor": false,
        "isMulticolor2": false,
        "grid": 0,
        "tags": [
          "person-black-18dp 1"
        ]
      },
      "attrs": [
        {}
      ],
      "properties": {
        "order": 32,
        "id": 3,
        "name": "person-black-18dp-1",
        "prevSize": 32
      },
      "setIdx": 2,
      "setId": 7,
      "iconIdx": 0
    },
    {
      "icon": {
        "paths": [
          "M853.333 233.7l-63.033-63.033-249.856 249.856-249.856-249.856-63.033 63.033 249.856 249.856-249.856 249.856 63.033 63.033 249.856-249.856 249.856 249.856 63.033-63.033-249.856-249.856 249.856-249.856z"
        ],
        "attrs": [
          {}
        ],
        "isMulticolor": false,
        "isMulticolor2": false,
        "grid": 0,
        "tags": [
          "cross"
        ]
      },
      "attrs": [
        {}
      ],
      "properties": {
        "order": 28,
        "id": 2,
        "name": "cross",
        "prevSize": 32
      },
      "setIdx": 2,
      "setId": 7,
      "iconIdx": 1
    },
    {
      "icon": {
        "paths": [
          "M796.217 632.775l-104.562-11.947c-2.88-0.359-6.212-0.564-9.593-0.564-22.626 0-43.109 9.172-57.934 24.002l-75.776 75.776c-117.415-60.602-210.724-153.929-269.677-267.904l-1.626-3.456 76.231-76.060c14.86-14.83 24.053-35.334 24.053-57.985 0-3.363-0.203-6.678-0.596-9.934l0.039 0.392-11.947-103.765c-4.951-41.196-39.692-72.818-81.819-72.818-0.036 0-0.071 0-0.107 0l-71.276-0c-46.535 0-85.22 38.684-82.375 85.22 21.845 351.573 302.99 632.32 654.222 654.165 46.478 2.844 85.22-35.84 85.22-82.375v-71.225c0.001-0.117 0.001-0.256 0.001-0.395 0-41.848-31.51-76.336-72.098-81.034l-0.379-0.036z"
        ],
        "attrs": [
          {}
        ],
        "isMulticolor": false,
        "isMulticolor2": false,
        "grid": 0,
        "tags": [
          "phone-black"
        ]
      },
      "attrs": [
        {}
      ],
      "properties": {
        "order": 29,
        "id": 1,
        "name": "phone-black",
        "prevSize": 32
      },
      "setIdx": 2,
      "setId": 7,
      "iconIdx": 2
    },
    {
      "icon": {
        "paths": [
          "M853.333 170.667h-682.667c-46.933 0-84.878 38.4-84.878 85.333l-0.455 512c0 46.933 38.4 85.333 85.333 85.333h682.667c46.933 0 85.333-38.4 85.333-85.333v-512c0-46.933-38.4-85.333-85.333-85.333zM836.267 352.028l-301.625 188.53c-6.44 4.025-14.262 6.413-22.642 6.413s-16.202-2.387-22.824-6.518l0.182 0.106-301.625-188.53c-10.74-6.421-17.82-17.988-17.82-31.209 0-20.014 16.224-36.238 36.238-36.238 7.441 0 14.359 2.243 20.114 6.090l-0.132-0.083 285.867 178.745 285.867-178.802c5.623-3.764 12.541-6.007 19.982-6.007 20.014 0 36.238 16.224 36.238 36.238 0 13.221-7.080 24.788-17.655 31.117l-0.165 0.092z"
        ],
        "attrs": [
          {}
        ],
        "isMulticolor": false,
        "isMulticolor2": false,
        "grid": 0,
        "tags": [
          "mail"
        ]
      },
      "attrs": [
        {}
      ],
      "properties": {
        "order": 30,
        "id": 0,
        "name": "mail",
        "prevSize": 32
      },
      "setIdx": 2,
      "setId": 7,
      "iconIdx": 3
    },
    {
      "icon": {
        "paths": [
          "M97.773 855.752c5.008 6.222 7.677 14.018 7.537 22.018 0.256 5.218-0.661 10.427-2.683 15.242s-5.096 9.111-8.996 12.571c-9.73 7.379-21.784 10.985-33.949 10.157h-59.682v-139.545h58.46c11.54-0.771 22.988 2.506 32.388 9.27 3.775 3.172 6.765 7.183 8.733 11.713 1.968 4.532 2.86 9.46 2.606 14.397 0.343 7.697-2.065 15.266-6.79 21.338-4.536 5.543-10.805 9.388-17.789 10.907 7.918 1.451 15.065 5.678 20.166 11.931zM27.77 834.686h24.987c5.679 0.423 11.319-1.224 15.888-4.636 1.876-1.706 3.336-3.824 4.266-6.188s1.306-4.913 1.098-7.447c0.176-2.523-0.207-5.055-1.123-7.414-0.916-2.357-2.341-4.482-4.173-6.218-4.706-3.51-10.521-5.181-16.363-4.704h-24.579v36.607zM71.089 888.2c2.005-1.747 3.582-3.935 4.606-6.395s1.47-5.124 1.301-7.785c0.153-2.691-0.313-5.381-1.36-7.865-1.048-2.482-2.65-4.689-4.683-6.451-4.889-3.638-10.901-5.425-16.975-5.044h-26.209v38.38h26.548c5.976 0.346 11.891-1.362 16.771-4.841z",
          "M217.272 915.744l-32.523-54.538h-12.222v54.538h-27.974v-139.547h52.96c13.349-0.935 26.546 3.309 36.869 11.861 7.403 7.575 11.868 17.554 12.591 28.14 0.721 10.589-2.346 21.086-8.654 29.602-6.534 7.514-15.458 12.525-25.257 14.179l34.628 55.764h-30.418zM172.527 842.186h22.882c15.888 0 23.832-7.044 23.832-21.131 0.163-2.878-0.272-5.758-1.279-8.456-1.004-2.699-2.557-5.159-4.56-7.225-5.021-4.192-11.487-6.227-17.993-5.658h-23.153l0.272 42.47z",
          "M370.183 887.658h-55.745l-9.846 28.086h-29.332l51.196-137.979h31.709l50.991 137.979h-29.332l-9.641-28.086zM362.714 866.524l-20.369-58.9-20.371 58.9h40.74z",
          "M561.586 915.744h-27.77l-62.261-94.894v94.894h-27.702v-139.547h27.702l62.261 95.441v-95.441h27.77v139.547z",
          "M720.062 882.342c-5.741 10.536-14.491 19.105-25.123 24.609-12.088 6.131-25.502 9.153-39.041 8.796h-49.431v-139.547h49.431c13.515-0.355 26.912 2.593 39.041 8.591 10.63 5.377 19.388 13.863 25.123 24.336 5.717 11.349 8.695 23.89 8.695 36.607 0 12.719-2.978 25.26-8.695 36.609zM688.285 879.002c7.926-9.27 12.284-21.086 12.284-33.302 0-12.218-4.357-24.031-12.284-33.302-9.58-8.397-22.073-12.661-34.764-11.863h-19.282v90.328h19.282c12.691 0.797 25.184-3.464 34.764-11.861z",
          "M387.564 0c0 0 358.433 135.865 350.829 332.471v332.539c0 0-358.163-135.933-350.694-332.539l-0.135-332.471z",
          "M1057.718 587.159c67.693-46.773 145.994-75.743 227.731-84.258v-104.099c-94.18 36.446-174.073 102.526-227.731 188.357z",
          "M1017.048 618.516c55.405-112.013 151.458-198.449 268.401-241.531v-299.953c0 0-510.46 193.537-499.664 473.516v473.45c0 0 22.746-8.658 58.529-24.883 0-15.133 0-30.404 1.63-45.742 10.565-129.978 72.109-250.427 171.104-334.857z",
          "M968.497 794.397c2.682-32.836 8.665-65.314 17.857-96.94-61.64 72.913-98.969 163.391-106.736 258.71-0.747 8.998-1.155 17.996-1.357 27.269 28.992-13.977 62.739-31.428 98.18-51.947-9.044-45.097-11.719-91.247-7.944-137.092z",
          "M988.798 796.101c-3.397 41.479-1.275 83.225 6.314 124.141 139.464-83.783 296.173-213.24 290.13-369.695v-13.632c-99.642 11.192-192.865 54.926-265.347 124.479-16.97 43.104-27.45 88.504-31.097 134.706z"
        ],
        "attrs": [
          {
            "fill": "rgb(175, 177, 184)"
          },
          {
            "fill": "rgb(175, 177, 184)"
          },
          {
            "fill": "rgb(175, 177, 184)"
          },
          {
            "fill": "rgb(175, 177, 184)"
          },
          {
            "fill": "rgb(175, 177, 184)"
          },
          {
            "fill": "rgb(175, 177, 184)"
          },
          {
            "fill": "rgb(175, 177, 184)"
          },
          {
            "fill": "rgb(175, 177, 184)"
          },
          {
            "fill": "rgb(175, 177, 184)"
          },
          {
            "fill": "rgb(175, 177, 184)"
          }
        ],
        "width": 1285,
        "isMulticolor": false,
        "isMulticolor2": false,
        "grid": 0,
        "tags": [
          "logo 5"
        ]
      },
      "attrs": [
        {
          "fill": "rgb(175, 177, 184)"
        },
        {
          "fill": "rgb(175, 177, 184)"
        },
        {
          "fill": "rgb(175, 177, 184)"
        },
        {
          "fill": "rgb(175, 177, 184)"
        },
        {
          "fill": "rgb(175, 177, 184)"
        },
        {
          "fill": "rgb(175, 177, 184)"
        },
        {
          "fill": "rgb(175, 177, 184)"
        },
        {
          "fill": "rgb(175, 177, 184)"
        },
        {
          "fill": "rgb(175, 177, 184)"
        },
        {
          "fill": "rgb(175, 177, 184)"
        }
      ],
      "properties": {
        "order": 5,
        "id": 0,
        "name": "logo-5",
        "prevSize": 32
      },
      "setIdx": 4,
      "setId": 5,
      "iconIdx": 0
    },
    {
      "icon": {
        "paths": [
          "M295.341 305.547h-0.067c-53.874 0-97.547 42.558-97.547 95.058v0.062c0 52.5 43.673 95.061 97.547 95.061h0.067c53.874 0 97.547-42.56 97.547-95.061v-0.062c0-52.5-43.672-95.058-97.547-95.058z",
          "M1015.351 275.158c-0.152-72.92-29.941-142.812-82.846-194.38s-124.616-80.613-199.444-80.779v0c-74.85 0.132-146.596 29.163-199.53 80.735-52.931 51.571-82.737 121.482-82.892 194.424v402.115c0 0 564.648-61.285 564.712-402.053v-0.062z",
          "M0 809.253c0.136 50.738 20.874 99.361 57.684 135.244s86.698 56.11 138.763 56.258c52.054-0.148 101.933-20.366 138.739-56.234 36.809-35.871 57.554-84.478 57.708-135.206v-279.797c0 0-392.895 42.675-392.895 279.735zM196.447 859.384c-10.175 0-20.12-2.939-28.58-8.449-8.46-5.508-15.053-13.336-18.947-22.497s-4.912-19.239-2.927-28.965c1.985-9.726 6.884-18.658 14.079-25.669s16.361-11.786 26.34-13.719c9.979-1.934 20.322-0.941 29.722 2.853s17.434 10.219 23.088 18.463c5.651 8.244 8.668 17.937 8.668 27.853 0.026 6.599-1.286 13.138-3.86 19.242s-6.359 11.652-11.138 16.329c-4.779 4.675-10.459 8.383-16.713 10.914s-12.959 3.834-19.731 3.834v-0.188z",
          "M597.471 828.278h-40.186v41.512h-20.93v-101.581h66.138v16.953h-45.208v26.233h40.186v16.882zM698.075 821.303c0 9.999-1.767 18.768-5.301 26.303-3.536 7.535-8.606 13.348-15.21 17.441-6.558 4.094-14.093 6.139-22.604 6.139-8.418 0-15.932-2.024-22.535-6.070-6.606-4.046-11.721-9.814-15.348-17.301-3.629-7.535-5.465-16.186-5.513-25.955v-5.022c0-9.999 1.791-18.792 5.372-26.372 3.627-7.63 8.721-13.467 15.279-17.513 6.604-4.094 14.138-6.139 22.604-6.139s15.977 2.046 22.535 6.139c6.604 4.046 11.697 9.883 15.279 17.513 3.627 7.58 5.441 16.348 5.441 26.303v4.534zM676.866 816.697c0-10.65-1.907-18.744-5.72-24.278-3.815-5.534-9.256-8.302-16.327-8.302-7.023 0-12.44 2.743-16.255 8.232-3.815 5.441-5.744 13.441-5.792 24v4.953c0 10.371 1.907 18.418 5.722 24.14 3.813 5.72 9.302 8.58 16.465 8.58 7.023 0 12.419-2.743 16.186-8.232 3.767-5.534 5.672-13.581 5.72-24.14v-4.953zM765.959 843.14c0-3.953-1.395-6.977-4.186-9.071-2.791-2.138-7.813-4.372-15.069-6.696-7.256-2.372-13-4.698-17.232-6.977-11.535-6.232-17.303-14.629-17.303-25.186 0-5.489 1.536-10.373 4.606-14.653 3.115-4.325 7.559-7.697 13.324-10.116 5.815-2.417 12.326-3.627 19.537-3.627 7.254 0 13.719 1.326 19.394 3.977 5.675 2.605 10.071 6.301 13.186 11.093 3.162 4.791 4.744 10.233 4.744 16.327h-20.93c0-4.653-1.465-8.256-4.394-10.814-2.931-2.605-7.047-3.908-12.35-3.908-5.115 0-9.092 1.093-11.931 3.279-2.836 2.138-4.256 4.977-4.256 8.511 0 3.303 1.653 6.070 4.953 8.302 3.351 2.234 8.256 4.327 14.722 6.28 11.907 3.582 20.582 8.023 26.024 13.326 5.441 5.301 8.161 11.907 8.161 19.813 0 8.792-3.324 15.698-9.976 20.721-6.651 4.977-15.605 7.466-26.86 7.466-7.816 0-14.931-1.419-21.349-4.256-6.418-2.884-11.326-6.813-14.722-11.79-3.348-4.977-5.022-10.745-5.022-17.303h20.999c0 11.209 6.699 16.815 20.094 16.815 4.977 0 8.859-1 11.65-3.001 2.791-2.046 4.186-4.884 4.186-8.511zM877.656 785.163h-31.115v84.628h-20.93v-84.628h-30.699v-16.953h82.744v16.953zM950.772 825.768h-40.186v27.21h47.164v16.813h-68.094v-101.581h67.955v16.953h-47.025v24.209h40.186v16.396zM1007.633 832.605h-16.675v37.185h-20.93v-101.581h37.745c12 0 21.256 2.674 27.767 8.023 6.513 5.349 9.768 12.907 9.768 22.676 0 6.93-1.512 12.719-4.537 17.37-2.977 4.606-7.511 8.28-13.603 11.023l21.976 41.512v0.976h-22.466l-19.046-37.185zM990.958 815.652h16.884c5.256 0 9.326-1.326 12.209-3.977 2.884-2.698 4.327-6.396 4.327-11.093 0-4.791-1.372-8.559-4.117-11.302-2.698-2.746-6.861-4.117-12.488-4.117h-16.815v30.489zM1117.796 834v35.79h-20.93v-101.581h39.629c7.628 0 14.324 1.395 20.092 4.186 5.815 2.791 10.28 6.768 13.395 11.928 3.117 5.118 4.675 10.954 4.675 17.513 0 9.954-3.417 17.813-10.254 23.581-6.792 5.722-16.21 8.583-28.258 8.583h-18.349zM1117.796 817.047h18.699c5.534 0 9.745-1.303 12.629-3.908 2.929-2.605 4.394-6.325 4.394-11.162 0-4.977-1.465-9.002-4.394-12.071-2.931-3.070-6.977-4.651-12.14-4.744h-19.187v31.885zM1250.216 825.768h-40.186v27.21h47.161v16.813h-68.091v-101.581h67.953v16.953h-47.023v24.209h40.186v16.396zM1347.332 785.163h-31.115v84.628h-20.932v-84.628h-30.696v-16.953h82.744v16.953zM1420.448 825.768h-40.186v27.21h47.164v16.813h-68.094v-101.581h67.953v16.953h-47.023v24.209h40.186v16.396zM1477.308 832.605h-16.675v37.185h-20.93v-101.581h37.745c12 0 21.254 2.674 27.767 8.023 6.511 5.349 9.766 12.907 9.766 22.676 0 6.93-1.51 12.719-4.534 17.37-2.977 4.606-7.511 8.28-13.605 11.023l21.978 41.512v0.976h-22.466l-19.046-37.185zM1460.634 815.652h16.884c5.256 0 9.326-1.326 12.209-3.977 2.884-2.698 4.325-6.396 4.325-11.093 0-4.791-1.372-8.559-4.115-11.302-2.698-2.746-6.861-4.117-12.488-4.117h-16.815v30.489zM1583.633 843.14c0-3.953-1.393-6.977-4.184-9.071-2.791-2.138-7.816-4.372-15.069-6.696-7.256-2.372-13-4.698-17.234-6.977-11.535-6.232-17.301-14.629-17.301-25.186 0-5.489 1.534-10.373 4.603-14.653 3.117-4.325 7.559-7.697 13.326-10.116 5.813-2.417 12.326-3.627 19.535-3.627 7.256 0 13.722 1.326 19.396 3.977 5.672 2.605 10.069 6.301 13.186 11.093 3.162 4.791 4.744 10.233 4.744 16.327h-20.93c0-4.653-1.465-8.256-4.396-10.814-2.929-2.605-7.047-3.908-12.35-3.908-5.115 0-9.092 1.093-11.928 3.279-2.839 2.138-4.256 4.977-4.256 8.511 0 3.303 1.65 6.070 4.953 8.302 3.348 2.234 8.254 4.327 14.719 6.28 11.907 3.582 20.582 8.023 26.024 13.326 5.441 5.301 8.163 11.907 8.163 19.813 0 8.792-3.327 15.698-9.978 20.721-6.651 4.977-15.603 7.466-26.86 7.466-7.813 0-14.929-1.419-21.349-4.256-6.418-2.884-11.326-6.813-14.719-11.79-3.351-4.977-5.025-10.745-5.025-17.303h21.002c0 11.209 6.696 16.815 20.092 16.815 4.977 0 8.861-1 11.652-3.001 2.791-2.046 4.184-4.884 4.184-8.511z"
        ],
        "attrs": [
          {
            "fill": "rgb(33, 150, 243)"
          },
          {
            "fill": "rgb(33, 150, 243)"
          },
          {
            "fill": "rgb(33, 150, 243)"
          },
          {
            "fill": "rgb(33, 150, 243)"
          }
        ],
        "width": 1905,
        "isMulticolor": false,
        "isMulticolor2": false,
        "grid": 0,
        "tags": [
          "logo 4 (1)"
        ]
      },
      "attrs": [
        {
          "fill": "rgb(33, 150, 243)"
        },
        {
          "fill": "rgb(33, 150, 243)"
        },
        {
          "fill": "rgb(33, 150, 243)"
        },
        {
          "fill": "rgb(33, 150, 243)"
        }
      ],
      "properties": {
        "order": 6,
        "id": 0,
        "name": "logo-4-1",
        "prevSize": 32
      },
      "setIdx": 5,
      "setId": 4,
      "iconIdx": 0
    },
    {
      "icon": {
        "paths": [
          "M1022.976 301.056c-2.355-54.426-11.162-91.802-23.757-124.211-13.577-35.567-33.733-65.876-59.193-90.785l-0.045-0.044c-24.946-25.349-55.171-45.423-88.902-58.449l-1.722-0.585c-32.614-12.595-69.786-21.35-124.211-23.757-54.784-2.611-72.192-3.226-211.251-3.226-139.008 0-156.416 0.614-211.046 3.021-54.374 2.355-91.802 11.162-124.16 23.757-35.587 13.57-65.913 33.727-90.837 59.194l-0.043 0.044c-25.327 24.951-45.383 55.175-58.398 88.901l-0.585 1.723c-12.646 32.614-21.402 69.786-23.808 124.211-2.611 54.784-3.226 72.192-3.226 211.251 0 139.008 0.614 156.416 3.021 211.046 2.406 54.426 11.213 91.802 23.808 124.211 13.646 35.534 33.772 65.828 59.153 90.795l0.034 0.033c25.6 26.010 56.627 46.182 90.624 58.982 32.614 12.646 69.837 21.453 124.211 23.808 54.63 2.406 72.038 3.021 211.046 3.021 139.059 0 156.467-0.614 211.046-3.021 54.426-2.355 91.802-11.162 124.211-23.757 69.038-27.2 122.662-80.825 149.244-148.088l0.618-1.774c12.595-32.614 21.402-69.837 23.808-124.211 2.406-54.63 2.97-72.038 2.97-211.046s-0.205-156.416-2.56-211.046zM930.816 719.155c-2.253 50.022-10.65 77.005-17.613 95.027-17.663 44.783-52.473 79.56-96.128 96.777l-1.152 0.4c-17.92 7.014-45.158 15.411-94.976 17.613-54.016 2.406-70.195 3.021-206.848 3.021-136.602 0-153.037-0.614-206.848-3.021-50.022-2.202-77.005-10.598-95.027-17.613-23.057-8.61-42.695-21.63-58.74-38.157l-0.037-0.039c-16.538-16.11-29.565-35.738-37.882-57.683l-0.364-1.095c-6.963-18.022-15.36-45.21-17.562-95.027-2.406-54.016-3.021-70.246-3.021-206.848 0-136.653 0.614-153.088 3.021-206.848 2.202-50.022 10.598-77.005 17.562-95.027 8.599-23.112 21.698-42.78 38.348-58.779l0.052-0.049c16.136-16.537 35.801-29.551 57.785-37.833l1.095-0.362c17.92-7.014 45.158-15.36 94.976-17.613 54.016-2.355 70.246-2.97 206.848-2.97 136.806 0 153.037 0.614 206.848 2.97 50.022 2.202 77.005 10.598 95.027 17.613 22.17 8.192 42.394 21.197 58.778 38.195 16.998 16.64 30.003 36.608 38.246 58.88 6.963 17.92 15.36 45.158 17.562 94.976 2.406 54.016 3.021 70.195 3.021 206.848 0 136.602-0.614 152.576-3.021 206.643z",
          "M513.894 249.037c-145.253 0.058-262.985 117.808-263.014 263.063l-0 0.003c-0 0.015-0 0.033-0 0.051 0 145.315 117.801 263.117 263.117 263.117s263.117-117.801 263.117-263.117c0-145.315-117.801-263.117-263.117-263.117-0.018 0-0.036 0-0.054 0l0.003-0zM513.894 682.701c-94.236-0.015-170.624-76.411-170.624-170.65 0-94.247 76.402-170.65 170.65-170.65 0.009 0 0.018 0 0.027 0l-0.001-0c94.261 0 170.675 76.414 170.675 170.675s-76.414 170.675-170.675 170.675l0-0zM848.794 238.643c0 33.932-27.508 61.44-61.44 61.44s-61.44-27.508-61.44-61.44l-0-0c0-33.932 27.508-61.44 61.44-61.44s61.44 27.508 61.44 61.44v-0z"
        ],
        "attrs": [
          {
            "fill": "rgb(175, 177, 184)"
          },
          {
            "fill": "rgb(175, 177, 184)"
          }
        ],
        "isMulticolor": false,
        "isMulticolor2": false,
        "grid": 0,
        "tags": [
          "instagram 2"
        ],
        "colorPermutations": {
          "11711711711751771841331502431": [
            {
              "f": 2
            },
            {
              "f": 2
            }
          ]
        }
      },
      "attrs": [
        {
          "fill": "rgb(175, 177, 184)"
        },
        {
          "fill": "rgb(175, 177, 184)"
        }
      ],
      "properties": {
        "order": 7,
        "id": 8,
        "name": "instagram-2",
        "prevSize": 32
      },
      "setIdx": 6,
      "setId": 3,
      "iconIdx": 0
    },
    {
      "icon": {
        "paths": [
          "M1237.333 0h-1109.333c-70.571 0-128 53.589-128 119.467v716.971c0 65.877 57.429 119.467 128 119.467h1109.333c70.571 0 128-53.589 128-119.467v-716.971c0-65.877-57.429-119.467-128-119.467zM1237.333 79.616c5.803 0 11.349 1.195 16.384 3.157l-571.051 461.995-571.051-461.995c4.852-1.973 10.479-3.13 16.373-3.157l0.011-0h1109.333zM1237.333 876.203h-1109.333c-23.552 0-42.667-17.835-42.667-39.765v-669.525l569.344 460.629c7.523 6.061 17.196 9.729 27.726 9.729 0.092 0 0.185-0 0.277-0.001l-0.014 0c0.078 0 0.171 0.001 0.263 0.001 10.53 0 20.203-3.668 27.812-9.795l-0.086 0.067 569.344-460.629v669.525c0 21.931-19.115 39.765-42.667 39.765z"
        ],
        "attrs": [
          {
            "fill": "rgb(117, 117, 117)"
          }
        ],
        "width": 1365,
        "isMulticolor": false,
        "isMulticolor2": false,
        "grid": 0,
        "tags": [
          "letter-grey (1)"
        ],
        "colorPermutations": {
          "11711711711751771841331502431": [
            {
              "f": 0
            }
          ]
        }
      },
      "attrs": [
        {
          "fill": "rgb(117, 117, 117)"
        }
      ],
      "properties": {
        "order": 8,
        "id": 7,
        "name": "letter-grey-1",
        "prevSize": 32
      },
      "setIdx": 6,
      "setId": 3,
      "iconIdx": 1
    },
    {
      "icon": {
        "paths": [
          "M1023.744 1024h0.256v-375.603c0-183.706-39.526-325.222-254.31-325.222-103.27 0-172.544 56.627-200.858 110.387h-2.97v-93.235h-203.674v683.622h212.070v-338.483c0-89.139 16.896-175.36 127.283-175.36 108.749 0 110.387 101.734 110.387 181.043v332.851h211.814zM16.896 340.326h212.326v683.674h-212.326v-683.674zM122.982 0c-67.921 0-122.982 55.061-122.982 122.982v0c0 67.84 55.091 124.109 122.982 124.109 67.84 0 122.931-56.218 122.931-124.109-0.029-67.892-55.044-122.924-122.926-122.982l-0.006-0z"
        ],
        "attrs": [
          {
            "fill": "rgb(175, 177, 184)"
          }
        ],
        "isMulticolor": false,
        "isMulticolor2": false,
        "grid": 0,
        "tags": [
          "linkedin 1"
        ],
        "colorPermutations": {
          "11711711711751771841331502431": [
            {
              "f": 2
            }
          ]
        }
      },
      "attrs": [
        {
          "fill": "rgb(175, 177, 184)"
        }
      ],
      "properties": {
        "order": 11,
        "id": 6,
        "name": "linkedin-1",
        "prevSize": 32
      },
      "setIdx": 6,
      "setId": 3,
      "iconIdx": 2
    },
    {
      "icon": {
        "paths": [
          "M128 0l155.904 142.976h434.859v398.891l155.904 142.976v-684.843h-746.667z",
          "M0 136.96v665.28h725.333v-264.448l-436.843-400.661-288.491-0.171zM587.157 704.917h-472.384v-447.424h33.387v417.131h438.997v30.293zM208.875 927.701l17.451-35.925h14.592l-25.451 47.915v27.904h-13.227v-27.904l-25.472-47.915h14.635l17.451 35.925zM283.755 949.952h-29.355l-6.144 17.643h-13.696l28.629-75.819h11.84l28.693 75.819h-13.76l-6.187-17.643zM258.091 939.328h21.973l-10.987-31.467-10.987 31.467zM335.701 947.136c0-3.499 0.96-6.72 2.859-9.643 1.92-2.944 5.675-6.443 11.307-10.453-2.317-2.763-4.376-5.879-6.060-9.216l-0.127-0.277c-1.049-2.213-1.682-4.803-1.728-7.536l-0-0.016c0-5.931 1.792-10.624 5.419-14.059 3.605-3.477 8.469-5.205 14.571-5.205 5.547 0 10.027 1.621 13.547 4.907 3.541 3.2 5.333 7.232 5.333 12.011 0 0.027 0 0.058 0 0.090 0 3.199-0.897 6.188-2.453 8.73l0.042-0.073c-2.112 3.161-4.732 5.802-7.773 7.872l-0.099 0.064-5.163 3.733 14.656 17.301c2.112-4.16 3.157-8.811 3.157-13.909h10.987c0 9.344-2.176 17.003-6.549 22.976l11.136 13.163h-14.677l-4.267-5.035c-5.129 3.805-11.584 6.091-18.572 6.091-0.288 0-0.576-0.004-0.862-0.012l0.042 0.001c-7.488 0-13.504-1.984-18.005-5.931-4.136-3.661-6.731-8.983-6.731-14.912 0-0.233 0.004-0.465 0.012-0.695l-0.001 0.034zM360.811 958.549c4.267 0 8.256-1.429 11.968-4.267l-16.555-19.541-1.621 1.152c-4.16 3.157-6.251 6.763-6.251 10.816 0 3.52 1.131 6.357 3.392 8.533 2.216 2.058 5.195 3.321 8.469 3.321 0.21 0 0.419-0.005 0.627-0.016l-0.029 0.001zM353.813 909.696c0 2.901 1.792 6.571 5.376 10.987l5.76-3.968 1.643-1.28c1.981-1.73 3.225-4.261 3.225-7.082 0-0.098-0.001-0.195-0.004-0.293l0 0.014c0-0.025 0.001-0.055 0.001-0.085 0-1.976-0.863-3.75-2.234-4.965l-0.007-0.006c-1.408-1.324-3.31-2.138-5.402-2.138-0.096 0-0.191 0.002-0.286 0.005l0.014-0c-0.098-0.005-0.213-0.007-0.329-0.007-2.209 0-4.192 0.965-5.552 2.496l-0.007 0.008c-1.37 1.599-2.203 3.692-2.203 5.98 0 0.118 0.002 0.235 0.007 0.352l-0.001-0.017zM491.584 942.912c-0.768 8.107-3.755 14.421-8.96 18.965-5.205 4.523-12.139 6.763-20.779 6.763-0.18 0.004-0.393 0.006-0.606 0.006-5.686 0-11.001-1.589-15.526-4.347l0.132 0.075c-4.634-2.983-8.276-7.146-10.551-12.069l-0.073-0.176c-2.466-5.326-3.905-11.559-3.905-18.128 0-0.084 0-0.169 0.001-0.253l-0 0.013v-7.104c0-7.147 1.28-13.44 3.797-18.901 2.56-5.44 6.187-9.643 10.88-12.587 4.779-2.965 10.24-4.437 16.469-4.437 8.363 0 15.104 2.261 20.203 6.827 5.12 4.544 8.085 10.965 8.917 19.264h-13.12c-0.64-5.44-2.219-9.387-4.8-11.776-2.539-2.432-6.272-3.627-11.2-3.627-5.717 0-10.133 2.091-13.227 6.293-3.051 4.16-4.608 10.283-4.693 18.389v6.72c0 8.192 1.472 14.443 4.395 18.752 2.944 4.288 7.253 6.443 12.907 6.443 5.163 0 9.067-1.152 11.669-3.477 2.603-2.347 4.267-6.187 4.949-11.627h13.12zM563.925 931.669c0 7.424-1.28 13.952-3.84 19.584-2.581 5.589-6.272 9.899-11.051 12.907-4.757 2.987-10.24 4.48-16.469 4.48-6.144 0-11.627-1.493-16.448-4.48-4.862-3.139-8.685-7.511-11.080-12.679l-0.077-0.185c-2.496-5.441-3.952-11.804-3.952-18.507 0-0.244 0.002-0.487 0.006-0.729l-0 0.037v-4.267c0-7.403 1.28-13.931 3.904-19.605 2.645-5.653 6.336-9.984 11.093-12.971 4.8-3.008 10.283-4.523 16.448-4.523 6.187 0 11.669 1.493 16.427 4.48 4.779 2.944 8.491 7.211 11.093 12.8 2.603 5.547 3.925 12.032 3.947 19.435v4.224zM550.741 927.701c0-8.405-1.6-14.827-4.779-19.307-2.838-4.091-7.51-6.736-12.801-6.736-0.247 0-0.493 0.006-0.738 0.017l0.035-0.001c-0.166-0.006-0.361-0.010-0.557-0.010-5.294 0-9.972 2.642-12.785 6.679l-0.034 0.051c-3.2 4.437-4.821 10.731-4.907 18.901v4.373c0 8.32 1.621 14.763 4.864 19.328 3.264 4.544 7.765 6.827 13.525 6.827 5.845 0 10.325-2.24 13.44-6.677 3.157-4.437 4.736-10.944 4.736-19.477v-3.968z"
        ],
        "attrs": [
          {
            "fill": "rgb(175, 177, 184)"
          },
          {
            "fill": "rgb(175, 177, 184)"
          }
        ],
        "width": 960,
        "isMulticolor": false,
        "isMulticolor2": false,
        "grid": 0,
        "tags": [
          "logo1"
        ],
        "colorPermutations": {
          "11711711711751771841331502431": [
            {
              "f": 2
            },
            {
              "f": 2
            }
          ]
        }
      },
      "attrs": [
        {
          "fill": "rgb(175, 177, 184)"
        },
        {
          "fill": "rgb(175, 177, 184)"
        }
      ],
      "properties": {
        "order": 10,
        "id": 5,
        "name": "logo1",
        "prevSize": 32
      },
      "setIdx": 6,
      "setId": 3,
      "iconIdx": 3
    },
    {
      "icon": {
        "paths": [
          "M334.316 57.797h2.678c4.982 0 10.378 0.492 15.695 0.945 23.493 1.654 46.809 5.179 69.75 10.516v-56.379c-20.862-5.5-45.43-9.584-70.621-11.421l-1.354-0.079c-8.131-0.639-18.256-1.135-28.446-1.367l-0.659-0.012h-8.409c-48.738 0.197-97.28 6.439-144.482 18.629-53.76 13.391-105.354 34.402-153.285 62.346v559.202c41.991-23.334 90.622-42.84 141.797-56.007l4.32-0.943c35.941-9.593 77.881-16.312 120.966-18.75l1.678-0.076h1.654c6.912-0.354 13.844-0.551 20.972-0.591v-57.305c-56.96 0.758-111.783 8.442-164.121 22.245l4.712-1.056c-19.298 5.022-37.908 10.437-55.394 16.423l-19.929 6.774v-436.027l8.507-4.096c60.478-29.383 131.057-48.401 205.574-52.764l1.51-0.071c0.268-0.021 0.581-0.033 0.896-0.033s0.628 0.012 0.937 0.035l-0.041-0.002c7.936-0.394 15.911-0.591 23.729-0.591h8.96c4.135 0.098 8.271 0.197 12.406 0.453z",
          "M474.782 116.834c-0.15 0-0.327 0-0.505 0-29.267 0-57.959-2.464-85.88-7.196l3.007 0.421c-8.862-1.497-17.585-3.308-26.053-5.258v552.802c35.84 8.862 72.665 13.194 109.588 12.918 51.43-0.218 101.182-6.987 148.594-19.513l-4.111 0.923c58.132-14.757 109.186-36.134 156.055-63.839l-2.73 1.493v-549.218c-41.967 23.303-90.573 42.812-141.714 56.018l-4.344 0.952c-49.625 12.761-100.667 19.298-151.887 19.495zM695.828 126.385l19.929-6.695v436.145l-8.527 4.116c-28.89 14.159-62.793 26.686-98.075 35.779l-3.793 0.829c-42.594 11.028-86.39 16.679-130.363 16.876-13.154 0-26.191-0.551-38.853-1.654l-13.647-1.201v-448.551l15.892 1.063c11.559 0.748 23.513 1.103 36.51 1.103 55.828-0.197 111.439-7.326 165.534-21.228 18.59-4.923 37.061-10.417 55.394-16.581zM53.898 831.252c-5.351-5.539-12.844-8.977-21.141-8.977-0.356 0-0.711 0.006-1.064 0.019l0.051-0.001c-0.13-0.002-0.284-0.003-0.439-0.003-4.455 0-8.704 0.884-12.58 2.486l0.219-0.080c-7.57 3.035-13.436 8.965-16.317 16.384l-0.067 0.196c-1.575 3.938-2.363 8.133-2.304 12.367v74.713c-0.197 5.258 0.827 10.496 2.934 15.321 1.772 3.82 4.313 7.247 7.483 10.023 2.974 2.501 6.498 4.332 10.24 5.317 3.643 1.004 7.404 1.536 11.166 1.536 4.175 0.039 8.271-0.847 12.052-2.599 11.219-4.97 18.905-16.007 18.905-28.839 0-0.004-0-0.007-0-0.011l0 0.001v-8.369h-19.535v6.676c0.003 0.119 0.005 0.258 0.005 0.398 0 2.251-0.428 4.402-1.207 6.375l0.041-0.118c-0.667 1.651-1.629 3.055-2.832 4.21l-0.004 0.004c-2.239 1.74-5.076 2.807-8.161 2.855l-0.011 0c-0.34 0.041-0.734 0.065-1.134 0.065-3.285 0-6.197-1.596-8.004-4.055l-0.019-0.028c-1.642-2.635-2.616-5.835-2.616-9.261 0-0.268 0.006-0.535 0.018-0.8l-0.001 0.038v-69.652c-0.118-3.86 0.709-7.68 2.402-11.166 1.805-2.771 4.888-4.577 8.393-4.577 0.408 0 0.81 0.024 1.205 0.072l-0.048-0.005c0.113-0.004 0.246-0.007 0.379-0.007 3.411 0 6.437 1.649 8.325 4.193l0.020 0.028c2.030 2.639 3.254 5.991 3.254 9.628 0 0.132-0.002 0.264-0.005 0.395l0-0.019v6.459h19.318v-7.601c0.001-0.101 0.002-0.22 0.002-0.339 0-4.582-0.875-8.96-2.468-12.975l0.083 0.238c-1.532-4.084-3.752-7.583-6.55-10.529l0.013 0.013zM169.925 830.425c-5.954-5.066-13.715-8.169-22.2-8.231l-0.013-0c-3.978 0.020-7.936 0.729-11.658 2.107-8.054 2.9-14.411 8.833-17.803 16.387l-0.078 0.194c-1.969 4.569-2.954 9.492-2.855 14.474v71.66c-0.118 5.022 0.847 10.043 2.855 14.671 1.772 3.84 4.332 7.266 7.562 10.004 2.993 2.757 6.498 4.923 10.319 6.302 3.742 1.378 7.68 2.087 11.658 2.107 8.533-0.021 16.318-3.204 22.249-8.44l-0.036 0.032c3.111-2.796 5.632-6.203 7.365-10.004 2.009-4.628 2.974-9.649 2.855-14.671v-71.68c0.004-0.186 0.006-0.405 0.006-0.625 0-5-1.053-9.754-2.949-14.053l0.088 0.223c-1.821-4.091-4.305-7.57-7.351-10.463l-0.014-0.013zM160.807 926.996c0.031 0.335 0.049 0.724 0.049 1.118 0 3.633-1.504 6.915-3.924 9.257l-0.004 0.003c-2.469 2.080-5.685 3.344-9.196 3.344s-6.727-1.264-9.218-3.362l0.022 0.018c-2.423-2.336-3.929-5.61-3.929-9.235 0-0.395 0.018-0.786 0.053-1.172l-0.004 0.050v-71.68c-0.030-0.329-0.047-0.713-0.047-1.1 0-3.632 1.504-6.914 3.923-9.255l0.003-0.003c2.469-2.080 5.685-3.344 9.196-3.344s6.727 1.264 9.218 3.362l-0.022-0.018c2.424 2.336 3.93 5.611 3.93 9.237 0 0.402-0.018 0.799-0.055 1.191l0.004-0.050v71.66zM322.304 959.015v-135.68h-18.767l-24.674 71.818h-0.335l-24.891-71.818h-18.57v135.68h19.377v-82.53h0.354l18.964 58.329h9.669l19.141-58.329h0.335v82.511h19.377zM432.404 832.866c-2.993-3.348-6.754-5.908-10.969-7.424-3.96-1.328-8.519-2.095-13.258-2.095-0.275 0-0.55 0.003-0.824 0.008l0.041-0.001h-28.79v135.641h19.318v-52.972h9.964c6.046 0.276 12.032-0.985 17.447-3.702 4.426-2.499 8.013-6.017 10.523-10.248l0.071-0.13c2.245-3.604 3.742-7.621 4.45-11.815 0.748-5.1 1.103-10.24 1.044-15.419 0.197-6.498-0.453-13.017-1.89-19.377-1.369-4.883-3.839-9.081-7.135-12.472l0.007 0.007zM422.439 874.22c-0.089 2.591-0.741 5.011-1.837 7.167l0.045-0.097c-1.121 2.082-2.836 3.72-4.917 4.718l-0.066 0.028c-2.387 1.098-5.178 1.738-8.119 1.738-0.351 0-0.7-0.009-1.047-0.027l0.048 0.002h-8.822v-46.119h9.964c0.279-0.015 0.605-0.024 0.933-0.024 2.827 0 5.506 0.633 7.903 1.765l-0.113-0.048c1.998 1.166 3.561 2.888 4.501 4.953l0.028 0.069c1.063 2.363 1.634 4.943 1.694 7.562v8.999c0 3.151 0.197 6.42 0 9.314h-0.197zM523.973 823.335h-15.852l-29.893 135.68h19.338l5.671-29.145h26.348l5.691 29.145h19.338l-30.641-135.68zM506.132 911.38l9.511-49.172h0.354l9.452 49.172h-19.318zM648.862 905.058h-0.354l-29.204-81.723h-18.57v135.68h19.318v-81.585h0.394l29.538 81.566h18.196v-135.66h-19.318v81.723zM766.976 823.335l-15.557 53.957h-0.394l-15.557-53.957h-20.441l26.545 78.336v57.324h19.338v-57.324l26.545-78.316h-20.48zM0 997.317h9.314v26.132h6.321v-26.132h9.255v-5.356h-24.891v5.356zM78.316 991.961l-12.209 31.488h6.715l2.599-7.168h12.544l2.698 7.168h6.892l-12.524-31.508h-6.715zM77.332 1010.983l4.273-11.678 4.273 11.678h-8.566zM155.727 1011.83h7.286v4.057c-2.030 1.641-4.638 2.64-7.479 2.658l-0.004 0c-0.135 0.008-0.293 0.013-0.451 0.013-2.524 0-4.774-1.176-6.232-3.009l-0.013-0.016c-1.466-2.094-2.343-4.694-2.343-7.5 0-0.251 0.007-0.499 0.021-0.746l-0.002 0.034c0-7.010 3.033-10.516 9.058-10.516 0.205-0.022 0.442-0.035 0.683-0.035 3.104 0 5.711 2.132 6.436 5.011l0.010 0.046 6.223-1.221c-1.339-6.144-5.77-9.255-13.351-9.255-0.125-0.004-0.272-0.006-0.419-0.006-4.078 0-7.796 1.542-10.603 4.075l0.014-0.012c-2.825 2.787-4.574 6.657-4.574 10.936 0 0.413 0.016 0.823 0.048 1.228l-0.003-0.054c-0.010 0.217-0.015 0.473-0.015 0.729 0 4.236 1.532 8.115 4.073 11.111l-0.021-0.025c2.782 2.874 6.675 4.658 10.985 4.658 0.341 0 0.679-0.011 1.014-0.033l-0.046 0.002c0.153 0.004 0.332 0.007 0.512 0.007 4.962 0 9.478-1.912 12.851-5.040l-0.012 0.011v-12.406h-13.647v5.317zM234.791 991.961h-6.38v31.488h22.055v-5.356h-15.675v-26.132zM301.647 991.961h-6.38v31.488h6.38v-31.508zM366.986 1012.972l-12.898-21.012h-6.183v31.488h5.927v-20.578l12.662 20.578h6.321v-31.508h-5.829v21.051zM426.082 1009.585h15.695v-5.356h-15.695v-6.912h16.876v-5.356h-23.257v31.488h23.906v-5.356h-17.526v-8.507zM569.344 1004.367h-12.406v-12.406h-6.321v31.488h6.321v-13.785h12.406v13.785h6.321v-31.508h-6.302v12.426zM628.775 1009.585h15.754v-5.356h-15.754v-6.912h16.935v-5.356h-23.237v31.488h23.867v-5.356h-17.526v-8.507zM709.376 1009.585c5.474-0.866 8.271-3.761 8.271-8.763 0.033-0.265 0.052-0.572 0.052-0.884 0-2.514-1.23-4.741-3.122-6.112l-0.022-0.015c-2.327-1.194-5.076-1.893-7.989-1.893-0.432 0-0.86 0.015-1.284 0.046l0.057-0.003h-13.351v31.488h6.341v-13.174h1.241c0.152-0.010 0.329-0.015 0.508-0.015 1.242 0 2.421 0.267 3.484 0.746l-0.054-0.022c0.926 0.571 1.694 1.359 2.245 2.304l6.873 10.004h7.562l-3.84-6.144c-1.735-3.074-4.082-5.611-6.894-7.512l-0.077-0.049zM702.996 1005.214h-4.667v-7.897h4.982c0.399-0.034 0.863-0.054 1.332-0.054 1.818 0 3.568 0.293 5.205 0.836l-0.117-0.034c0.846 0.76 1.375 1.858 1.375 3.079 0 1.355-0.652 2.559-1.66 3.313l-0.011 0.008c-1.574 0.499-3.384 0.787-5.261 0.787-0.415 0-0.826-0.014-1.233-0.042l0.055 0.003zM770.166 1009.585h15.675v-5.356h-15.695v-6.912h16.935v-5.356h-23.296v31.488h23.906v-5.356h-17.526v-8.507z"
        ],
        "attrs": [
          {
            "fill": "rgb(175, 177, 184)"
          },
          {
            "fill": "rgb(175, 177, 184)"
          }
        ],
        "width": 788,
        "isMulticolor": false,
        "isMulticolor2": false,
        "grid": 0,
        "tags": [
          "logo2"
        ],
        "colorPermutations": {
          "11711711711751771841331502431": [
            {
              "f": 2
            },
            {
              "f": 2
            }
          ]
        }
      },
      "attrs": [
        {
          "fill": "rgb(175, 177, 184)"
        },
        {
          "fill": "rgb(175, 177, 184)"
        }
      ],
      "properties": {
        "order": 12,
        "id": 4,
        "name": "logo2",
        "prevSize": 32
      },
      "setIdx": 6,
      "setId": 3,
      "iconIdx": 4
    },
    {
      "icon": {
        "paths": [
          "M154.697 987.258c0.761 0.002 1.45 0.308 1.951 0.805l-0-0 5.022 5.096c-3.901 4.12-8.704 7.412-14.117 9.655-6.339 2.438-13.141 3.657-19.992 3.486-0.299 0.006-0.652 0.010-1.006 0.010-6.402 0-12.526-1.193-18.161-3.37l0.344 0.117c-5.522-2.147-10.238-5.25-14.168-9.146l0.003 0.003c-3.894-3.922-7.004-8.629-9.070-13.863l-0.097-0.278c-2.024-5.206-3.197-11.232-3.197-17.532 0-0.205 0.001-0.41 0.004-0.614l-0 0.031c-0.003-0.191-0.004-0.415-0.004-0.641 0-6.318 1.265-12.341 3.555-17.829l-0.113 0.306c2.194-5.266 5.51-10.069 9.752-14.141 4.267-3.974 9.387-7.119 15.019-9.192 5.584-2.057 12.033-3.246 18.76-3.246 0.219 0 0.438 0.001 0.656 0.004l-0.033-0c6.168-0.146 12.288 0.853 17.993 2.926 4.974 1.999 9.533 4.779 13.483 8.192l-4.194 5.437c-0.299 0.385-0.654 0.709-1.056 0.965l-0.017 0.010c-0.414 0.266-0.919 0.423-1.461 0.423-0.078 0-0.155-0.003-0.232-0.010l0.010 0.001c-0.683-0.043-1.308-0.255-1.845-0.595l0.016 0.009-2.243-1.463-3.145-1.829c-2.865-1.482-6.189-2.612-9.694-3.214l-0.205-0.029c-2.084-0.374-4.482-0.589-6.931-0.589-0.186 0-0.372 0.001-0.558 0.004l0.028-0c-0.136-0.002-0.297-0.003-0.458-0.003-4.837 0-9.464 0.895-13.726 2.529l0.263-0.089c-4.246 1.593-7.883 3.912-10.934 6.837l0.011-0.011c-3.121 3.17-5.534 6.851-7.070 10.874-1.638 4.123-2.587 8.899-2.587 13.898 0 0.171 0.001 0.342 0.003 0.513l-0-0.026c-0.073 4.949 0.805 9.874 2.56 14.555 1.536 3.998 3.901 7.68 6.973 10.85 2.877 2.926 6.437 5.218 10.411 6.705 4.096 1.56 8.485 2.341 12.922 2.316 2.56 0.024 5.12-0.122 7.656-0.488 4.145-0.439 8.094-1.78 11.581-3.852 1.88-1.144 3.505-2.326 5.025-3.627l-0.052 0.043c0.632-0.55 1.456-0.896 2.359-0.926l0.006-0zM299.569 961.658c0.073 6.144-1.073 12.239-3.389 17.993-2.197 5.491-5.402 10.159-9.419 13.979l-0.016 0.016c-4.131 3.918-9.066 7.034-14.527 9.070l-0.297 0.097c-5.679 2.055-12.234 3.243-19.066 3.243s-13.387-1.188-19.468-3.369l0.402 0.126c-11.106-4.053-19.795-12.439-24.16-23.059l-0.099-0.273c-2.146-5.349-3.391-11.55-3.391-18.042s1.245-12.693 3.509-18.377l-0.118 0.335c2.121-5.242 5.364-10.069 9.509-14.141 4.132-3.784 9.039-6.801 14.447-8.778l0.303-0.097c12.264-4.389 25.844-4.389 38.132 0 5.559 2.097 10.606 5.218 14.799 9.192 4.145 4.023 7.339 8.777 9.46 13.97 2.316 5.778 3.486 11.947 3.413 18.115zM286.403 961.658c0.005-0.233 0.008-0.507 0.008-0.782 0-4.915-0.879-9.624-2.487-13.979l0.090 0.28c-1.52-4.218-3.805-7.829-6.713-10.833l0.008 0.008c-2.925-2.934-6.462-5.256-10.403-6.759l-0.203-0.068c-8.923-3.17-18.773-3.17-27.721 0-8.123 3.096-14.395 9.463-17.295 17.448l-0.065 0.204c-3.17 9.435-3.17 19.505 0 28.94 1.414 4.023 3.73 7.704 6.778 10.825 2.926 2.974 6.558 5.291 10.581 6.778 8.948 3.096 18.773 3.096 27.721 0 4.047-1.512 7.656-3.803 10.606-6.778 2.999-3.145 5.291-6.827 6.705-10.825 1.707-4.632 2.487-9.557 2.389-14.458zM398.385 976.823l1.341 3.243c0.488-1.146 0.926-2.194 1.438-3.243 0.488-1.073 1.024-2.146 1.634-3.17l32.037-53.784c0.634-0.926 1.195-1.512 1.829-1.682 0.657-0.193 1.412-0.305 2.193-0.305 0.155 0 0.309 0.004 0.461 0.013l-0.021-0.001h9.46v87.479h-11.215v-67.048c-0.029-0.448-0.045-0.972-0.045-1.499s0.016-1.051 0.049-1.571l-0.004 0.071-32.232 54.516c-0.436 0.844-1.085 1.525-1.879 1.987l-0.023 0.012c-0.779 0.46-1.716 0.732-2.717 0.732-0.013 0-0.026-0-0.040-0l0.002 0h-1.804c-0.975 0-1.95-0.244-2.755-0.731-0.818-0.472-1.468-1.153-1.889-1.972l-0.013-0.027-33.158-54.857v70.193h-10.85v-87.284h9.46c0.132-0.008 0.285-0.012 0.44-0.012 0.781 0 1.536 0.111 2.25 0.319l-0.057-0.014c0.767 0.349 1.376 0.934 1.746 1.662l0.009 0.021 32.744 53.833c0.59 0.893 1.138 1.92 1.588 2.997l0.046 0.124zM518.997 972.483v32.768h-12.532v-87.357h27.965c5.266-0.098 10.533 0.561 15.604 1.926 4.072 1.048 7.826 2.926 11.045 5.437 2.699 2.282 4.831 5.149 6.211 8.411l0.055 0.147c1.487 3.56 2.194 7.363 2.146 11.166 0.001 0.099 0.002 0.216 0.002 0.333 0 3.935-0.863 7.668-2.41 11.021l0.068-0.163c-1.604 3.483-3.891 6.402-6.71 8.694l-0.044 0.035c-3.133 2.554-6.844 4.537-10.896 5.723l-0.221 0.055c-4.876 1.463-9.996 2.146-15.116 2.048l-15.165-0.244zM518.997 963.096h15.189c3.291 0.049 6.583-0.39 9.704-1.317 2.699-0.844 5.037-2.127 7.058-3.784l-0.037 0.029c1.83-1.552 3.279-3.494 4.228-5.702l0.038-0.1c0.956-2.102 1.513-4.558 1.513-7.144 0-0.068-0-0.137-0.001-0.205l0 0.010c0.017-0.271 0.026-0.588 0.026-0.907 0-2.247-0.476-4.382-1.334-6.311l0.039 0.099c-1.044-2.363-2.53-4.357-4.368-5.956l-0.020-0.017c-4.146-2.973-9.322-4.754-14.914-4.754-0.68 0-1.355 0.026-2.022 0.078l0.088-0.006h-15.189v35.986zM687.567 1005.373h-9.899c-0.050 0.002-0.11 0.003-0.169 0.003-0.979 0-1.885-0.312-2.624-0.841l0.014 0.009c-0.695-0.529-1.25-1.208-1.62-1.991l-0.014-0.033-8.533-21.138h-42.813l-8.85 21.138c-0.349 0.795-0.882 1.453-1.547 1.941l-0.013 0.009c-0.745 0.564-1.687 0.904-2.708 0.904-0.042 0-0.084-0.001-0.126-0.002l0.006 0h-9.899l37.62-87.479h13.044l38.132 87.454zM625.493 972.898h35.352l-14.921-35.596c-1-2.255-1.966-4.996-2.731-7.82l-0.097-0.421-1.438 4.584c-0.439 1.39-0.926 2.658-1.365 3.706l-14.799 35.547zM741.742 918.309c0.756 0.366 1.414 0.902 1.902 1.56l54.857 65.926v-67.901h11.215v87.454h-6.266c-0.069 0.003-0.15 0.005-0.231 0.005-0.843 0-1.644-0.181-2.365-0.507l0.036 0.015c-0.783-0.429-1.446-0.975-1.991-1.623l-0.009-0.010-54.833-65.877c0.073 0.975 0.073 1.999 0 2.999v65h-11.215v-87.454h6.656c0.78 0 1.536 0.122 2.243 0.414zM902.168 970.581v34.718h-12.556v-34.694l-34.67-52.687h11.215c0.080-0.005 0.172-0.008 0.266-0.008 0.902 0 1.739 0.276 2.431 0.749l-0.015-0.010c0.707 0.585 1.268 1.243 1.707 1.975l21.699 33.987c1.483 2.231 2.776 4.791 3.75 7.504l0.078 0.249 1.634-3.755c0.699-1.559 1.416-2.871 2.219-4.121l-0.074 0.123 21.382-34.206c0.47-0.707 1.010-1.316 1.622-1.843l0.012-0.010c0.682-0.549 1.559-0.881 2.513-0.881 0.059 0 0.119 0.001 0.178 0.004l-0.008-0h11.362l-34.743 52.907zM392.192 771.096c5.461 0.658 10.971 1.17 16.579 1.634 84.602-34.938 156.184-92.136 205.775-164.425 49.615-72.29 75.020-156.453 73.094-242.005l-93.257-86.065c6.177 28.384 9.715 60.99 9.715 94.423 0 64.042-12.982 125.051-36.458 180.541l1.143-3.042c-35.718 86.699-96.866 162.499-176.591 218.941z",
          "M358.888 767.098l2.511 0.488c85.211-56.271 150.162-134.827 186.466-225.524 20.53-49.547 32.453-107.088 32.453-167.414 0-41.172-5.553-81.046-15.952-118.916l0.736 3.145-132.827-122.612c53.711 100.766 75.337 213.577 62.366 325.242-12.995 111.665-60.075 217.649-135.753 305.591zM809.35 467.383c-22.552 93.989-77.361 178.761-156.282 241.713-21.701 17.524-45.993 33.827-71.674 47.911l-2.566 1.289c64.244-17.432 123.319-48.25 172.617-90.063 49.298-41.838 87.528-93.574 111.787-151.186l-53.882-49.664z",
          "M788.236 453.534l-76.702-70.802c-1.463 80.725-26.331 159.598-71.997 228.45-45.666 68.827-110.494 125.147-187.709 163.035h0.39c17.189 0 34.377-0.951 51.468-2.828 72.168-27.185 135.924-70.461 185.563-125.903 49.64-55.467 83.627-121.417 98.987-191.951zM370.005 84.578l-91.502-84.578c-81.798 29.184-152.137 80.457-201.826 147.163-49.688 66.658-76.434 145.652-76.678 226.597 0.317 89.478 32.914 176.226 92.672 246.638s143.238 120.393 237.251 142.068c83.919-94.354 133.047-210.968 140.264-332.898 7.192-121.905-27.892-242.761-100.206-344.99zM999.619 440.515c-0.341-106.13-46.153-207.799-127.439-282.819-81.286-75.045-191.439-117.346-306.395-117.638-0.228-0-0.497-0.001-0.766-0.001-55.417 0-108.551 9.775-157.771 27.694l3.207-1.021 560.201 517.12c18.313-42.324 28.965-91.609 28.965-143.382 0-0.001-0-0.002-0-0.003l0 0z"
        ],
        "attrs": [
          {
            "fill": "rgb(175, 177, 184)"
          },
          {
            "fill": "rgb(175, 177, 184)"
          },
          {
            "fill": "rgb(175, 177, 184)"
          }
        ],
        "width": 1000,
        "isMulticolor": false,
        "isMulticolor2": false,
        "grid": 0,
        "tags": [
          "logo3"
        ],
        "colorPermutations": {
          "11711711711751771841331502431": [
            {
              "f": 2
            },
            {
              "f": 2
            },
            {
              "f": 2
            }
          ]
        }
      },
      "attrs": [
        {
          "fill": "rgb(175, 177, 184)"
        },
        {
          "fill": "rgb(175, 177, 184)"
        },
        {
          "fill": "rgb(175, 177, 184)"
        }
      ],
      "properties": {
        "order": 13,
        "id": 3,
        "name": "logo3",
        "prevSize": 32
      },
      "setIdx": 6,
      "setId": 3,
      "iconIdx": 5
    },
    {
      "icon": {
        "paths": [
          "M97.781 855.759c5.011 6.209 7.669 14.009 7.538 22.005 0.026 0.508 0.041 1.103 0.041 1.702 0 10.371-4.514 19.687-11.685 26.090l-0.034 0.030c-9.739 7.386-21.787 10.981-33.966 10.153h-59.675v-139.547h58.455c0.988-0.070 2.141-0.11 3.304-0.11 10.926 0 21.029 3.521 29.237 9.49l-0.143-0.099c6.975 5.89 11.374 14.64 11.374 24.417 0 0.592-0.016 1.181-0.048 1.765l0.004-0.081c0.349 7.691-2.070 15.251-6.776 21.351-4.554 5.534-10.806 9.369-17.8 10.894 7.909 1.46 15.077 5.665 20.175 11.939zM27.779 834.691h24.946c5.686 0.436 11.329-1.22 15.905-4.641 3.334-3.040 5.418-7.402 5.418-12.25 0-0.489-0.021-0.973-0.063-1.451l0.004 0.062c0.026-0.356 0.041-0.771 0.041-1.19 0-4.895-2.046-9.311-5.329-12.442l-0.007-0.006c-3.961-2.976-8.961-4.766-14.379-4.766-0.698 0-1.389 0.030-2.072 0.088l0.089-0.006h-24.554v36.603zM71.092 888.2c3.648-3.188 5.94-7.85 5.94-13.047 0-0.392-0.013-0.781-0.039-1.167l0.003 0.052c0.019-0.305 0.030-0.662 0.030-1.022 0-5.304-2.34-10.062-6.044-13.297l-0.021-0.018c-4.229-3.176-9.566-5.085-15.35-5.085-0.578 0-1.152 0.019-1.721 0.057l0.077-0.004h-26.166v38.367h26.537c5.97 0.349 11.896-1.351 16.776-4.837zM217.262 915.739l-32.507-54.533h-12.223v54.533h-27.975v-139.547h52.943c1.087-0.081 2.354-0.127 3.632-0.127 12.682 0 24.305 4.534 33.337 12.068l-0.083-0.068c7.85 8.035 12.692 19.037 12.692 31.17 0 10.005-3.293 19.241-8.854 26.683l0.084-0.117c-6.536 7.517-15.447 12.528-25.251 14.162l34.642 55.775h-30.437zM172.555 842.186h22.877c15.905 0 23.835-7.037 23.835-21.134 0.022-0.358 0.035-0.777 0.035-1.198 0-5.635-2.24-10.747-5.878-14.494l0.005 0.005c-4.258-3.582-9.802-5.758-15.854-5.758-0.754 0-1.5 0.034-2.237 0.1l0.095-0.007h-23.182l0.283 42.485zM370.165 887.655h-55.732l-9.848 28.106h-29.326l51.2-138h31.7l50.982 137.979h-29.326l-9.63-28.084zM362.714 866.522l-20.371-58.891-20.371 58.891h40.742zM561.588 915.739h-27.801l-62.246-94.883v94.883h-27.713v-139.547h27.713l62.246 95.428v-95.428h27.779v139.547zM720.068 882.339c-5.827 10.567-14.411 18.99-24.793 24.462l-0.328 0.158c-12.092 6.122-25.491 9.151-39.043 8.78h-49.457v-139.547h49.457c0.64-0.018 1.394-0.028 2.15-0.028 13.44 0 26.135 3.189 37.37 8.852l-0.477-0.218c10.632 5.36 19.391 13.857 25.121 24.336 5.483 10.657 8.697 23.254 8.697 36.603s-3.214 25.946-8.91 37.061l0.214-0.459zM688.281 879.006c7.643-8.898 12.296-20.556 12.296-33.302s-4.653-24.404-12.353-33.37l0.057 0.068c-8.432-7.431-19.57-11.967-31.768-11.967-1.050 0-2.091 0.034-3.124 0.1l0.141-0.007h-19.282v90.33h19.282c0.899 0.060 1.949 0.094 3.006 0.094 12.187 0 23.316-4.527 31.798-11.992l-0.053 0.046zM387.573 0s358.422 135.865 350.796 332.473v332.539s-358.16-135.952-350.687-332.539l-0.109-332.473zM1057.727 587.166c64.154-44.863 141.686-75.058 225.559-84.084l2.161-0.189v-104.099c-95.826 37.806-173.967 103.255-226.586 186.452l-1.134 1.92z",
          "M1017.028 618.518c55.972-111.579 150.181-197.066 265.061-240.422l3.357-1.112v-299.945s-510.475 193.536-499.668 473.502v473.458s22.746-8.65 58.542-24.859c0-15.142 0-30.415 1.634-45.753 11.189-134.588 74.949-252.419 170.433-334.315l0.662-0.554z",
          "M968.508 794.406c2.68-32.855 8.65-65.318 17.866-96.953-65.219 76.824-105.687 176.453-108.099 285.467l-0.009 0.512c41.567-19.991 73.728-37.295 105.151-55.723l-6.977 3.782c-6.101-29.064-9.593-62.461-9.593-96.674 0-14.225 0.604-28.308 1.787-42.227l-0.124 1.815zM988.792 796.106c-0.999 11.493-1.568 24.868-1.568 38.377 0 30.325 2.87 59.979 8.353 88.707l-0.467-2.939c139.46-83.794 296.176-213.253 290.141-369.708v-13.617c-103.871 12.002-195.424 57.229-265.519 124.614l0.151-0.144c-16.036 39.5-27.095 85.257-30.981 133.043l-0.109 1.668z",
          "M0 0h1285.447v1024h-1285.447z"
        ],
        "attrs": [
          {
            "fill": "rgb(175, 177, 184)"
          },
          {
            "fill": "rgb(175, 177, 184)"
          },
          {
            "fill": "rgb(175, 177, 184)"
          },
          {
            "fill": "none",
            "stroke": "rgb(175, 177, 184)",
            "strokeLinejoin": "miter",
            "strokeLinecap": "butt",
            "strokeMiterlimit": "4",
            "strokeWidth": 21.78723404255319
          }
        ],
        "width": 1285,
        "isMulticolor": false,
        "isMulticolor2": true,
        "grid": 0,
        "tags": [
          "logo5"
        ],
        "colorPermutations": {
          "11711711711751771841331502431": [
            {
              "f": 2
            },
            {
              "f": 2
            },
            {
              "f": 2
            },
            {
              "s": 2
            }
          ]
        }
      },
      "attrs": [
        {
          "fill": "rgb(175, 177, 184)"
        },
        {
          "fill": "rgb(175, 177, 184)"
        },
        {
          "fill": "rgb(175, 177, 184)"
        },
        {
          "fill": "none",
          "stroke": "rgb(175, 177, 184)",
          "strokeLinejoin": "miter",
          "strokeLinecap": "butt",
          "strokeMiterlimit": "4",
          "strokeWidth": 21.78723404255319
        }
      ],
      "properties": {
        "order": 14,
        "id": 1,
        "name": "logo5",
        "prevSize": 32
      },
      "setIdx": 6,
      "setId": 3,
      "iconIdx": 6
    },
    {
      "icon": {
        "paths": [
          "M955.48 707.131l-270.19-272.165 29.989-147.705c7.193 2.894 15.53 4.601 24.257 4.666l0.027 0h0.205c0.243 0.003 0.531 0.005 0.818 0.005 38.158 0 69.091-30.933 69.091-69.091s-30.933-69.091-69.091-69.091c-38.158 0-69.091 30.933-69.091 69.091 0 8.301 1.464 16.26 4.147 23.633l-0.153-0.48-158.72 19.383-258.896-260.257c-3.069-3.131-7.33-5.083-12.047-5.12l-0.007-0c-4.476 0.029-8.777 1.814-11.952 4.974l-48.377 48.128c-3.088 3.089-4.997 7.356-4.997 12.069s1.91 8.98 4.997 12.069l-0-0 26.039 26.405c-36.576 65.993-58.103 144.706-58.103 228.447 0 131.377 52.985 250.379 138.751 336.802l-0.030-0.030c1.375 1.317 2.955 2.355 4.681 3.116-1.024 5.245-1.629 11.295-1.667 17.478l-0 0.032v197.983h-204.8c-47.115 0.042-85.299 38.216-85.358 85.323l-0 0.006v34.128c0 9.435 7.651 17.072 17.086 17.072h785.072c9.421 0 17.057-7.636 17.057-17.072v-34.128c-0.058-47.102-38.226-85.27-85.323-85.328l-204.806-0v-87.742c32.080 6.729 64.775 10.152 97.558 10.24 82.553-0.090 160.151-21.217 227.748-58.307l-2.468 1.241 26.185 26.331c3.16 3.233 7.504 5.076 12.039 5.12 4.476-0.029 8.777-1.814 11.952-4.974l48.391-48.128c3.088-3.089 4.997-7.356 4.997-12.069s-1.91-8.98-4.997-12.069l0 0zM715.703 199.461c6.17-6.138 14.676-9.933 24.069-9.933 18.849 0 34.128 15.28 34.128 34.128s-15.28 34.128-34.128 34.128c-0.002 0-0.004-0-0.005-0l-0.117 0c-18.771-0.102-33.948-15.343-33.948-34.128 0-9.456 3.846-18.014 10.058-24.195l0.001-0.001h-0.059zM675.518 311.589l-19.149 94.267-37.61-37.844 56.759-56.422zM656.135 282.726l-61.44 61.089-47.543-47.792 108.983-13.297zM738.875 921.6c28.277 0 51.2 22.923 51.2 51.2v0 17.072h-750.928v-17.072c0-28.277 22.923-51.2 51.2-51.2v0h648.528zM499.946 853.328v34.143h-170.672v-34.143h170.672zM329.275 819.2v-129.712c0-41.399 38.283-75.088 85.328-75.088 47.060 0 85.343 33.69 85.343 75.088v129.712h-170.672zM534.075 764.928v-75.44c0-60.226-53.584-109.217-119.472-109.217-0.555-0.009-1.21-0.014-1.867-0.014-43.281 0-81.28 22.613-102.828 56.669l-0.295 0.499c-75.515-79.415-121.968-187.081-121.968-305.598 0-74.053 18.136-143.87 50.209-205.252l-1.165 2.448 595.266 598.674c-58.323 30.297-127.343 48.066-200.514 48.066-34.517 0-68.11-3.954-100.351-11.434l2.983 0.583zM895.327 743.044l-673.821-677.786 24.137-24.064 253.923 255.356c0.117 0 0.19 0.219 0.307 0.307l419.664 422.122-24.21 24.064z",
          "M414.764 648.528h-0.146c-0.024-0-0.052-0-0.080-0-28.277 0-51.2 22.923-51.2 51.2 0 28.249 22.877 51.154 51.115 51.2l0.004 0h0.146c0.022 0 0.047 0 0.073 0 28.277 0 51.2-22.923 51.2-51.2 0-28.251-22.881-51.158-51.123-51.2l-0.004-0zM426.701 711.841c-3.087 3.074-7.344 4.974-12.045 4.974-9.428 0-17.072-7.643-17.072-17.072 0-9.41 7.613-17.041 17.016-17.071l0.003-0c9.389 0.041 16.984 7.662 16.984 17.057 0 4.729-1.924 9.008-5.032 12.097l-0.001 0.001h0.146z"
        ],
        "attrs": [
          {
            "fill": "rgb(33, 33, 33)"
          },
          {
            "fill": "rgb(33, 150, 243)"
          }
        ],
        "width": 965,
        "isMulticolor": true,
        "isMulticolor2": false,
        "grid": 0,
        "tags": [
          "Group-antenn"
        ],
        "colorPermutations": {
          "1171171171175177184125525525513315024313333331": [
            {
              "f": 0
            },
            {
              "f": 2
            }
          ]
        }
      },
      "attrs": [
        {
          "fill": "rgb(33, 33, 33)"
        },
        {
          "fill": "rgb(33, 150, 243)"
        }
      ],
      "properties": {
        "order": 22,
        "id": 8,
        "name": "Group-antenn",
        "prevSize": 32
      },
      "setIdx": 7,
      "setId": 2,
      "iconIdx": 0
    },
    {
      "icon": {
        "paths": [
          "M1023.166 144.764c-2.040-6.112-7.274-10.624-13.671-11.589l-0.094-0.012-61.133-8.894-27.355-55.398c-5.734-11.674-24.869-11.674-30.603 0l-27.355 55.398-61.147 8.894c-8.317 1.238-14.625 8.33-14.625 16.895 0 4.786 1.97 9.112 5.143 12.212l44.269 43.128-10.445 60.884c-1.083 6.407 1.536 12.873 6.788 16.706 5.296 3.847 12.229 4.33 17.993 1.287l54.667-28.76 54.682 28.76c2.297 1.226 5.025 1.946 7.92 1.946 9.436 0 17.086-7.65 17.086-17.086 0-1.008-0.087-1.996-0.255-2.956l0.015 0.102-10.43-60.884 44.251-43.14c3.169-3.109 5.134-7.436 5.134-12.222 0-1.885-0.305-3.699-0.868-5.395l0.035 0.121zM944.362 187.246c-4.008 3.906-5.851 9.582-4.901 15.111l6.115 35.65-32.022-16.823c-2.304-1.241-5.042-1.97-7.951-1.97s-5.647 0.729-8.042 2.015l0.091-0.045-32.037 16.823 6.129-35.65c0.157-0.869 0.246-1.868 0.246-2.889 0-4.789-1.97-9.117-5.143-12.219l-25.94-25.252 35.811-5.208c5.559-0.805 10.357-4.301 12.859-9.348l16.004-32.417 16.018 32.402c2.487 5.047 7.3 8.543 12.859 9.348l35.811 5.193-25.893 25.264zM836.272 656.706h-34.143v34.143h34.143v-34.143zM836.272 724.992h-34.143v34.114h34.143v-34.114zM870.4 690.849h-34.128v34.128h34.128v-34.128zM802.143 690.849h-34.143v34.128h34.143v-34.128zM716.8 844.449h-34.128v34.128h34.128v-34.128zM716.8 912.72h-34.128v34.128h34.128v-34.128zM750.928 878.592h-34.128v34.128h34.128v-34.143zM682.672 878.592h-34.143v34.128h34.143v-34.143zM512 776.192h-34.143v34.128h34.143v-34.143zM512 844.449h-34.143v34.128h34.143v-34.128zM546.128 810.306h-34.128v34.143h34.128v-34.143zM477.857 810.306h-34.128v34.143h34.128v-34.143zM187.728 195.906h-34.143v34.128h34.143v-34.128zM187.728 264.177h-34.143v34.128h34.143v-34.114zM221.857 230.034h-34.128v34.143h34.128v-34.143zM153.6 230.034h-34.143v34.143h34.143v-34.143z",
          "M790.864 453.105c-8.957-12.044-22.351-20.353-37.72-22.508l-0.299-0.034c-2.442-0.371-5.259-0.584-8.125-0.584-13.139 0-25.238 4.458-34.865 11.944l0.128-0.096-40.097 30.705-60.723 45.349-43.447-17.32c77.473-34.757 131.628-112.26 131.628-202.24 0-122.339-99.913-221.872-222.749-221.872s-222.764 99.533-222.764 221.872c0 44.339 13.268 85.577 35.84 120.276l-88.591-0.775c-0.278 0-0.497 0.146-0.746 0.146-1.809 0.089-3.506 0.452-5.089 1.047l0.115-0.038c-0.41 0.146-0.834 0.234-1.229 0.424-0.205 0.088-0.41 0.102-0.614 0.205l-103.453 51.068c-0.015 0-0.044 0-0.044 0.029l-60.577 29.125c-0.777 0.351-1.44 0.727-2.063 1.155l0.045-0.029c-15.419 10.359-25.429 27.734-25.429 47.446 0 9.506 2.328 18.468 6.444 26.347l-0.15-0.314c7.025 13.554 18.958 23.745 33.39 28.328l0.402 0.11c5.139 1.687 11.054 2.66 17.196 2.66 9.86 0 19.135-2.507 27.222-6.919l-0.298 0.149 44.412-23.611 72.441-37.42 43.418-0.249-174.139 173.29c0 0.029-0.029 0.029-0.044 0.044l-42.847 42.657c-9.684 9.571-15.682 22.853-15.682 37.537 0 0.057 0 0.113 0 0.17l-0-0.009c0 14.219 5.559 27.619 15.682 37.712 9.645 9.601 22.947 15.536 37.634 15.536 0.038 0 0.076-0 0.114-0l-0.006 0c13.692 0 27.341-5.193 37.771-15.536l42.057-41.882 55.706-41.589 28.818 28.701-99.255 98.831c-9.693 9.574-15.697 22.865-15.697 37.557 0 0.044 0 0.089 0 0.133l-0-0.007c0 14.234 5.559 27.633 15.696 37.727 9.651 9.592 22.952 15.521 37.637 15.521 0.037 0 0.073-0 0.11-0l-0.006 0c13.678 0 27.355-5.179 37.771-15.521l143.623-143.111c0.219-0.205 0.512-0.278 0.717-0.497l165.303-181.058 111.075 15.799c0.805 0.117 1.609 0.176 2.399 0.176 2.077 0 4.067-0.497 5.998-1.229 0.571-0.205 1.053-0.483 1.595-0.746 0.614-0.307 1.258-0.483 1.843-0.878l102.824-68.257c0.38-0.263 0.585-0.673 0.936-0.951 0.41-0.322 0.922-0.453 1.302-0.819l40.667-38.107c11.123-10.418 18.054-25.195 18.054-41.591 0-12.802-4.225-24.617-11.358-34.127l0.106 0.147zM68.169 568.642c-3.14 1.733-6.883 2.752-10.865 2.752-2.5 0-4.907-0.402-7.158-1.145l0.161 0.046c-9.423-2.972-16.136-11.634-16.136-21.863 0-7.539 3.647-14.227 9.272-18.395l0.062-0.044 42.043-20.231 10.123 29.579 4.242 12.434-31.744 16.867zM180.078 510.157l-49.547 25.6-8.163-23.888-5.881-17.174 64.863-32.022-1.273 47.484zM663.259 298.306c0 29.389-7.022 57.11-19.163 81.905l-133.808-60.782c-1.393-18.401-10.957-34.315-25.033-44.273l-0.186-0.125 46.826-155.546c76.098 24.196 131.365 95.173 131.365 178.805zM286.018 298.306c0-103.512 84.612-187.743 188.621-187.743 8.090 0 16.004 0.688 23.845 1.682l-45.831 152.093c-0.614 0-1.185-0.19-1.829-0.19-0.009-0-0.019-0-0.029-0-33.025 0-59.806 26.73-59.889 59.735l-0 0.008c0.092 33.007 26.87 59.728 59.889 59.728 0.010 0 0.021-0 0.031-0l-0.002 0c22.235 0 41.428-12.259 51.785-30.223l123.611 56.159c-34.406 46.285-89.439 76.464-151.581 76.464-104.009 0-188.621-84.217-188.621-187.728zM476.628 323.906c-0.083 14.156-11.578 25.6-25.746 25.6-0.021 0-0.041-0-0.062-0l0.003 0c-0.013 0-0.029 0-0.044 0-14.165 0-25.657-11.446-25.731-25.593l-0-0.007c0-14.117 11.557-25.6 25.776-25.6s25.79 11.483 25.79 25.6zM78.863 804.674c-3.516 3.479-8.353 5.628-13.693 5.628-5.325 0-10.15-2.137-13.665-5.601l0.002 0.002c-3.479-3.448-5.633-8.227-5.633-13.509s2.154-10.062 5.631-13.508l0.001-0.001 30.793-30.676 27.268 27.136-30.676 30.559zM181.701 924.145c-3.514 3.482-8.352 5.634-13.693 5.634-5.326 0-10.152-2.14-13.665-5.607l0.002 0.002c-3.479-3.448-5.633-8.227-5.633-13.509s2.154-10.062 5.631-13.508l0.001-0.001 30.808-30.691 27.253 27.121-30.705 30.574zM293.113 813.144l-0.044 0.044-56.466 56.32-27.268-27.121 56.481-56.218c1.273-1.287 2.077-2.823 2.867-4.345 0.219-0.439 0.644-0.819 0.834-1.273 0.527-1.317 0.614-2.736 0.819-4.111 0.102-0.79 0.439-1.521 0.439-2.341 0-1.126-0.41-2.238-0.644-3.365-0.205-1.024-0.205-2.063-0.6-3.057-0.788-1.684-1.767-3.131-2.937-4.401l0.011 0.012c-0.322-0.395-0.439-0.878-0.79-1.229h-0.029s0-0.044-0.029-0.059l-51.419-51.2c-0.541-0.556-1.243-0.775-1.858-1.229-0.813-0.678-1.723-1.294-2.693-1.815l-0.087-0.043c-0.851-0.401-1.851-0.753-2.891-1.002l-0.108-0.022c-0.955-0.303-2.073-0.531-3.226-0.639l-0.065-0.005c-0.221-0.011-0.48-0.017-0.741-0.017-0.817 0-1.621 0.059-2.406 0.174l0.089-0.011c-1.141 0.146-2.209 0.293-3.321 0.658-1.161 0.41-2.161 0.894-3.096 1.473l0.068-0.039c-0.629 0.351-1.346 0.483-1.946 0.922l-56.744 42.364-28.818-28.716 76.756-76.361 139.557 137.245-29.696 29.403zM511.312 588.61c-0.483-0.059-0.951 0.117-1.448 0.088-0.255-0.014-0.553-0.022-0.853-0.022-1.001 0-1.981 0.088-2.934 0.256l0.101-0.015c-2.225 0.353-4.218 1.123-5.975 2.233l0.065-0.038c-0.951 0.585-1.814 1.185-2.648 1.96-0.41 0.351-0.907 0.527-1.287 0.936l-150.323 164.659-138.503-136.207 90.653-90.185c3.084-3.091 4.991-7.357 4.991-12.069 0-9.436-7.65-17.086-17.086-17.086-0.016 0-0.033 0-0.049 0l0.003-0-71.007 0.41 0.892-51.434 99.328 0.848c40.435 41.494 96.865 67.233 159.307 67.233 0.035 0 0.071-0 0.106-0l-0.006 0c14 0 27.648-1.463 40.945-3.92 1.273 1.024 2.545 2.048 4.14 2.706l77.122 30.72 4.871 24.283 5.705 28.321-96.095-13.678zM640.629 594.315l-10.006-49.854 46.285-34.567 30.281 40.229-66.56 44.178zM760.759 503.72l-26.814 25.132-29.798-39.57 26.595-20.392c4.974-3.818 11.235-5.369 17.379-4.579 6.173 0.878 11.644 4.096 15.36 9.099 2.813 3.755 4.505 8.491 4.505 13.623 0 6.578-2.78 12.507-7.228 16.676l-0.013 0.012z",
          "M435.273 593.408l-68.579-68.272c-3.083-3.077-7.339-4.98-12.039-4.98s-8.956 1.903-12.040 4.98l0-0-68.564 68.272c-3.088 3.1-4.996 7.376-4.996 12.098s1.909 8.998 4.997 12.098l-0.001-0.001 68.564 68.272c3.083 3.077 7.339 4.98 12.039 4.98s8.956-1.903 12.040-4.98l-0 0 68.579-68.272c3.105-3.092 5.027-7.37 5.027-12.098s-1.921-9.006-5.026-12.097l-0.001-0.001zM354.67 649.699l-44.383-44.178 44.368-44.193 44.398 44.178-44.398 44.178zM549.259 162.26l-8.251 33.148c2.282 0.571 55.618 14.453 55.618 68.754h34.128c0-64.541-53.307-94.881-81.496-101.903zM630.755 298.306h-34.143v34.128h34.143v-34.128z"
        ],
        "attrs": [
          {
            "fill": "rgb(33, 150, 243)"
          },
          {
            "fill": "rgb(33, 33, 33)"
          },
          {
            "fill": "rgb(33, 33, 33)"
          }
        ],
        "isMulticolor": true,
        "isMulticolor2": false,
        "grid": 0,
        "tags": [
          "astronaut 1"
        ],
        "colorPermutations": {
          "1171171171175177184125525525513315024313333331": [
            {
              "f": 2
            },
            {
              "f": 0
            },
            {
              "f": 0
            }
          ]
        }
      },
      "attrs": [
        {
          "fill": "rgb(33, 150, 243)"
        },
        {
          "fill": "rgb(33, 33, 33)"
        },
        {
          "fill": "rgb(33, 33, 33)"
        }
      ],
      "properties": {
        "order": 21,
        "id": 7,
        "name": "astronaut-1",
        "prevSize": 32
      },
      "setIdx": 7,
      "setId": 2,
      "iconIdx": 1
    },
    {
      "icon": {
        "paths": [
          "M1137.778 159.232c-39.113 17.541-84.489 30.477-132.010 36.555l-2.418 0.252c48.358-29.034 84.685-73.885 102.163-127.27l0.465-1.64c-42.577 25.688-92.133 45.27-144.924 55.93l-2.988 0.504c-42.659-45.472-103.127-73.8-170.212-73.8-128.786 0-233.188 104.402-233.188 233.188 0 0.045 0 0.090 0 0.136l-0-0.007c0 18.489 1.536 36.295 5.404 53.191-193.934-9.444-365.511-102.4-480.768-243.94-20.054 33.748-31.956 74.379-32.085 117.78l-0 0.037c0 80.782 41.643 152.405 103.595 193.877-38.8-1.069-74.925-11.567-106.461-29.27l1.16 0.598v2.56c0.16 112.483 79.551 206.378 185.347 228.875l1.533 0.273c-17.795 4.882-38.227 7.687-59.314 7.687-0.647 0-1.294-0.003-1.94-0.008l0.099 0.001c-14.905 0-29.98-0.853-44.146-3.982 30.208 92.388 115.94 160.313 217.941 162.475-78.747 62.069-179.393 99.556-288.795 99.556-0.15 0-0.301-0-0.451-0l0.023 0c-0.655 0.004-1.429 0.006-2.204 0.006-18.895 0-37.509-1.201-55.77-3.531l2.166 0.226c100.493 65.636 223.536 104.679 355.698 104.679 0.75 0 1.5-0.001 2.25-0.004l-0.117 0c429.227 0 663.893-355.556 663.893-663.78 0-10.24-0.341-20.252-0.853-30.151 46.175-33.269 84.994-73.374 115.851-119.278l1.056-1.667z"
        ],
        "attrs": [
          {
            "fill": "rgb(175, 177, 184)"
          }
        ],
        "width": 1138,
        "isMulticolor": false,
        "isMulticolor2": false,
        "grid": 0,
        "tags": [
          "bird"
        ],
        "colorPermutations": {
          "1171171171175177184125525525513315024313333331": [
            {
              "f": 3
            }
          ]
        }
      },
      "attrs": [
        {
          "fill": "rgb(175, 177, 184)"
        }
      ],
      "properties": {
        "order": 20,
        "id": 6,
        "name": "bird",
        "prevSize": 32
      },
      "setIdx": 7,
      "setId": 2,
      "iconIdx": 2
    },
    {
      "icon": {
        "paths": [
          "M1137.778 159.218c-42.308 18.56-87.398 30.862-134.4 36.836 48.356-28.871 85.265-74.24 102.61-128.924-45.079 26.88-94.857 45.867-147.911 56.462-42.809-45.582-103.822-73.813-170.382-73.813-129.132 0-233.099 104.818-233.099 233.316 0 18.489 1.564 36.267 5.404 53.191-193.92-9.458-365.511-102.4-480.782-243.982-20.124 34.916-31.929 74.88-31.929 117.902 0 80.782 41.6 152.391 103.609 193.849-37.476-0.711-74.24-11.591-105.387-28.729 0 0.711 0 1.636 0 2.56 0 113.351 80.853 207.502 186.88 229.188-18.987 5.194-39.68 7.68-61.156 7.68-14.933 0-30.009-0.848-44.16-3.982 30.222 92.376 115.982 160.29 217.956 162.492-79.36 62.083-180.124 99.482-289.209 99.482-19.129 0-37.476-0.848-55.822-3.197 103.324 66.634 225.778 104.676 357.831 104.676 429.227 0 663.893-355.556 663.893-663.751 0-10.311-0.353-20.267-0.853-30.151 46.296-32.853 85.191-73.884 116.907-121.102z"
        ],
        "attrs": [
          {
            "fill": "rgb(255, 255, 255)"
          }
        ],
        "width": 1138,
        "isMulticolor": false,
        "isMulticolor2": false,
        "grid": 0,
        "tags": [
          "bird-wight"
        ],
        "colorPermutations": {
          "1171171171175177184125525525513315024313333331": [
            {
              "f": 4
            }
          ]
        }
      },
      "attrs": [
        {
          "fill": "rgb(255, 255, 255)"
        }
      ],
      "properties": {
        "order": 19,
        "id": 5,
        "name": "bird-wight",
        "prevSize": 32
      },
      "setIdx": 7,
      "setId": 2,
      "iconIdx": 3
    },
    {
      "icon": {
        "paths": [
          "M1001.492 489.64c-0.056-270.476-219.367-489.695-489.852-489.64-270.476 0.055-489.695 219.374-489.64 489.851 0.047 213.055 137.82 401.633 340.781 466.438 1.937 0.61 3.953 0.922 5.977 0.914 3.859-0.007 7.641-1.039 10.96-3 4.321-2.554 7.547-6.617 9.062-11.406l123.68-392c33.812-0.171 61.079-27.726 60.899-61.531-0.173-33.812-27.718-61.079-61.531-60.906-9.095 0.038-18.071 2.133-26.242 6.125l-163.391-163.414c-8.11-7.828-21.024-7.601-28.852 0.5-7.641 7.914-7.641 20.445 0 28.359l163.305 163.492c-12.531 25.578-5.367 56.453 17.164 73.89l-117.843 373.532c-232.891-85.789-352.141-344.125-266.351-577.015 85.79-232.891 344.124-352.141 577.016-266.352s352.14 344.133 266.351 577.016c-41.914 113.781-128.031 205.796-238.788 255.149l-12.736-59.977c-2.327-11.023-13.163-18.071-24.187-15.734-3.477 0.743-6.703 2.376-9.359 4.743l-122.781 109.618c-8.423 7.491-9.172 20.389-1.672 28.812 2.437 2.734 5.562 4.765 9.062 5.882l156.757 50.031c10.727 3.445 22.219-2.453 25.664-13.188 1.094-3.391 1.274-7 0.54-10.484l-12.516-58.851c181.258-76.415 298.945-254.149 298.524-450.853zM511.75 469.235c11.265 0 20.407 9.14 20.407 20.405 0 11.274-9.141 20.407-20.407 20.407-11.273 0-20.405-9.133-20.405-20.407 0-11.265 9.133-20.405 20.405-20.405zM578.961 944.883l69.891-62.344 19.289 90.89-89.18-28.546z",
          "M491.343 101.922v40.812c0 11.274 9.133 20.406 20.405 20.406 11.267 0 20.407-9.133 20.407-20.406v-40.812c0-11.266-9.14-20.406-20.407-20.406-11.273 0-20.405 9.141-20.405 20.406z",
          "M124.031 469.233c-11.274 0-20.406 9.141-20.406 20.407 0 11.273 9.133 20.407 20.406 20.407h40.812c11.274 0 20.407-9.134 20.407-20.407 0-11.265-9.133-20.407-20.407-20.407h-40.812z",
          "M899.461 510.047c11.274 0 20.407-9.134 20.407-20.407 0-11.265-9.133-20.407-20.407-20.407h-40.812c-11.265 0-20.405 9.141-20.405 20.407 0 11.273 9.14 20.407 20.405 20.407h40.812z"
        ],
        "attrs": [
          {
            "fill": "rgb(33, 33, 33)"
          },
          {
            "fill": "rgb(33, 150, 243)"
          },
          {
            "fill": "rgb(33, 150, 243)"
          },
          {
            "fill": "rgb(33, 150, 243)"
          }
        ],
        "isMulticolor": true,
        "isMulticolor2": false,
        "grid": 0,
        "tags": [
          "clock 1"
        ],
        "colorPermutations": {
          "1171171171175177184125525525513315024313333331": [
            {
              "f": 0
            },
            {
              "f": 2
            },
            {
              "f": 2
            },
            {
              "f": 2
            }
          ]
        }
      },
      "attrs": [
        {
          "fill": "rgb(33, 33, 33)"
        },
        {
          "fill": "rgb(33, 150, 243)"
        },
        {
          "fill": "rgb(33, 150, 243)"
        },
        {
          "fill": "rgb(33, 150, 243)"
        }
      ],
      "properties": {
        "order": 18,
        "id": 3,
        "name": "clock-1",
        "prevSize": 32
      },
      "setIdx": 7,
      "setId": 2,
      "iconIdx": 4
    },
    {
      "icon": {
        "paths": [
          "M477.623 478.866h34.114v153.527h-34.114v-153.527zM614.078 547.109h34.114v85.285h-34.114v-85.285zM341.153 598.279h34.114v34.114h-34.114v-34.114zM238.811 581.208h34.114v51.171h-34.114v-51.171z",
          "M51.171 905.304h818.761c0.004 0 0.009 0 0.015 0 28.261 0 51.171-22.91 51.171-51.171l-0-0v-68.228c0-28.261-22.91-51.171-51.171-51.171v-0h-17.057v-425.399l96.885-91.78c6.636 3.343 14.463 5.3 22.747 5.3 28.422 0 51.463-23.041 51.463-51.463s-23.041-51.463-51.463-51.463c-28.422 0-51.463 23.041-51.463 51.463 0 7.9 1.78 15.385 4.961 22.075l-0.133-0.312-72.997 69.193v-39.351c0-28.261-22.91-51.171-51.171-51.171v0h-682.32c-28.261 0-51.171 22.91-51.171 51.171v0 511.737h-17.057c-28.261 0-51.171 22.91-51.171 51.171v-0 68.228c0 28.261 22.91 51.171 51.171 51.171v0zM972.288 154.77c9.42-0 17.057 7.637 17.057 17.057s-7.637 17.057-17.057 17.057h-0c-9.42 0-17.057-7.637-17.057-17.057s7.637-17.057 17.057-17.057v0zM102.341 222.998c0-9.421 7.636-17.057 17.057-17.057h682.32c9.421 0 17.057 7.636 17.057 17.057v71.636l-34.114 32.417v-69.925c0-9.435-7.651-17.072-17.072-17.072h-614.064c-9.421 0-17.072 7.636-17.072 17.057v426.452c0 9.421 7.651 17.057 17.072 17.057h614.064c9.435 0 17.072-7.636 17.072-17.057v-309.584l34.114-32.329v393.070h-716.434v-511.707zM255.868 444.752c-0.044-0-0.097-0-0.15-0-28.261 0-51.171 22.91-51.171 51.171s22.91 51.171 51.171 51.171c13.833 0 26.384-5.489 35.594-14.407l-0.014 0.013 59.29 29.755c6.89 3.438 15.243 1.829 20.363-3.92l126.040-141.809 123.904 92.848c6.656 4.974 15.931 4.447 21.957-1.258l107.681-102.005v260.198h-579.95v-392.338h579.95v85.138l-120.686 114.293-124.928-93.667c-2.819-2.134-6.384-3.419-10.249-3.419-5.060 0-9.606 2.202-12.732 5.699l-0.015 0.017-127.766 143.77-47.762-23.888c0.336-2.048 0.556-4.111 0.644-6.188 0-28.261-22.91-51.171-51.171-51.171h-0zM272.925 495.923c0 9.42-7.637 17.057-17.057 17.057s-17.057-7.637-17.057-17.057v0c0-9.42 7.637-17.057 17.057-17.057s17.057 7.637 17.057 17.057v0zM375.267 768.848h170.569v17.057c0 9.421-7.621 17.057-17.042 17.057h-136.47c-9.42 0-17.057-7.637-17.057-17.057v0-17.057zM34.128 785.905c0-9.421 7.621-17.057 17.042-17.057h289.982v17.057c0 28.261 22.91 51.171 51.171 51.171v0h136.47c28.261-0 51.171-22.91 51.171-51.171v0-17.057h289.982c9.421 0 17.057 7.636 17.057 17.057v68.228c0 9.421-7.636 17.057-17.057 17.057h-818.761c-0.004 0-0.009 0-0.015 0-9.42 0-17.057-7.637-17.057-17.057 0-0 0-0 0-0l-0 0v-68.228z"
        ],
        "attrs": [
          {
            "fill": "rgb(33, 150, 243)"
          },
          {
            "fill": "rgb(33, 33, 33)"
          }
        ],
        "isMulticolor": true,
        "isMulticolor2": false,
        "grid": 0,
        "tags": [
          "diagram 1"
        ],
        "colorPermutations": {
          "1171171171175177184125525525513315024313333331": [
            {
              "f": 2
            },
            {
              "f": 0
            }
          ]
        }
      },
      "attrs": [
        {
          "fill": "rgb(33, 150, 243)"
        },
        {
          "fill": "rgb(33, 33, 33)"
        }
      ],
      "properties": {
        "order": 17,
        "id": 2,
        "name": "diagram-1",
        "prevSize": 32
      },
      "setIdx": 7,
      "setId": 2,
      "iconIdx": 5
    },
    {
      "icon": {
        "paths": [
          "M426.496 169.984h93.542v-162.816c-39.438-4.57-85.135-7.177-131.441-7.177-1.67 0-3.34 0.003-5.009 0.010l0.258-0.001c-134.81 0-227.174 84.787-227.174 240.64v143.36h-148.685v182.016h148.685v457.984h182.323v-457.933h142.797l22.63-182.067h-165.376v-125.44c0-52.582 14.182-88.576 87.501-88.576z"
        ],
        "attrs": [
          {
            "fill": "rgb(175, 177, 184)"
          }
        ],
        "width": 563,
        "isMulticolor": false,
        "isMulticolor2": false,
        "grid": 0,
        "tags": [
          "fb"
        ],
        "colorPermutations": {
          "1171171171175177184125525525513315024313333331": [
            {
              "f": 3
            }
          ]
        }
      },
      "attrs": [
        {
          "fill": "rgb(175, 177, 184)"
        }
      ],
      "properties": {
        "order": 16,
        "id": 1,
        "name": "fb",
        "prevSize": 32
      },
      "setIdx": 7,
      "setId": 2,
      "iconIdx": 6
    },
    {
      "icon": {
        "paths": [
          "M580.267 0h-477.867c-56.457 0-102.4 41.574-102.4 92.638v802.611c0 51.063 45.943 92.638 102.4 92.638h477.867c56.457 0 102.4-41.574 102.4-92.638v-802.611c0-51.063-45.943-92.638-102.4-92.638zM102.4 61.713h477.867c18.842 0 34.133 13.858 34.133 30.925v648.26h-546.133v-648.26c0-17.067 15.292-30.925 34.133-30.925zM580.267 926.106h-477.867c-18.842 0-34.133-13.79-34.133-30.857v-92.638h546.133v92.638c0 17.067-15.292 30.857-34.133 30.857z"
        ],
        "attrs": [
          {
            "fill": "rgb(117, 117, 117)"
          }
        ],
        "width": 683,
        "isMulticolor": false,
        "isMulticolor2": false,
        "grid": 0,
        "tags": [
          "fone"
        ],
        "colorPermutations": {
          "1171171171175177184125525525513315024313333331": [
            {
              "f": 1
            }
          ]
        }
      },
      "attrs": [
        {
          "fill": "rgb(117, 117, 117)"
        }
      ],
      "properties": {
        "order": 15,
        "id": 0,
        "name": "fone",
        "prevSize": 32
      },
      "setIdx": 7,
      "setId": 2,
      "iconIdx": 7
    },
    {
      "icon": {
        "paths": [
          "M512 0c-282.8 0-512 229.2-512 512s229.2 512 512 512 512-229.2 512-512-229.2-512-512-512zM763.6 351l-84 395.8c-5.8 28.2-22.8 34.8-46.4 21.8l-128-94.6-61.4 59.8c-7.2 7-12.8 12.8-25.6 12.8-16.6 0-13.8-6.2-19.4-22l-43.6-143.2-126.6-39.4c-27.4-8.4-27.6-27.2 6.2-40.6l493.2-190.4c22.4-10.2 44.2 5.4 35.6 40z"
        ],
        "tags": [
          "telegram",
          "brand",
          "social"
        ],
        "defaultCode": 60053,
        "grid": 16,
        "attrs": []
      },
      "attrs": [],
      "properties": {
        "name": "telegram",
        "ligatures": "telegram, brand15",
        "order": 2,
        "id": 406,
        "prevSize": 32
      },
      "setIdx": 8,
      "setId": 1,
      "iconIdx": 405
    }
  ],
  "height": 1024,
  "preferences": {
    "showGlyphs": true,
    "showQuickUse": true,
    "showQuickUse2": true,
    "showSVGs": true,
    "fontPref": {
      "prefix": "icon-",
      "metadata": {
        "fontFamily": "icomoon"
      },
      "metrics": {
        "emSize": 1024,
        "baseline": 6.25,
        "whitespace": 50
      },
      "embed": false
    },
    "imagePref": {
      "prefix": "icon-",
      "png": true,
      "useClassSelector": true,
      "color": 0,
      "bgColor": 16777215,
      "classSelector": ".icon",
      "name": "icomoon"
    },
    "historySize": 50,
    "showCodes": true,
    "gridSize": 16
  }
}